Project,Course Code,Course Title,Course UniqueID,QuestionKey,Enrollments,Respondents,ResponseRate,Mean,Std,Value,OptionRespondents,OptionResponseRate,Comments,BenchmarkLabel1,BenchmarkMean1,BenchmarkStd1
Fall 2020 16 Week 11/23-12/6 (1),wl.202110.ECE.36800.001.17766,Data Structures,wl.202110.ECE.36800.001.17766,496793-0,99,43,43.43434525,4.488372326,0.668049514,5,25,58.139534,,Professors in Department,4.075089804,0.930146696
Fall 2020 16 Week 11/23-12/6 (1),wl.202110.ECE.36800.001.17766,Data Structures,wl.202110.ECE.36800.001.17766,496793-0,99,43,43.43434525,4.488372326,0.668049514,4,14,32.5581398,,Professors in Department,4.075089804,0.930146696
Fall 2020 16 Week 11/23-12/6 (1),wl.202110.ECE.36800.001.17766,Data Structures,wl.202110.ECE.36800.001.17766,496793-0,99,43,43.43434525,4.488372326,0.668049514,3,4,9.302325249,,Professors in Department,4.075089804,0.930146696
Fall 2020 16 Week 11/23-12/6 (1),wl.202110.ECE.49595.002.28580,Software Engineering Tools,wl.202110.ECE.49595.002.28580,496793-0,5,3,60,4.333333492,1.154700518,5,2,66.66666412,,Professors in Department,4.075089804,0.930146696
Fall 2020 16 Week 11/23-12/6 (1),wl.202110.ECE.49595.002.28580,Software Engineering Tools,wl.202110.ECE.49595.002.28580,496793-0,5,3,60,4.333333492,1.154700518,3,1,33.33333206,,Professors in Department,4.075089804,0.930146696
Fall 2020 16 Week 11/23-12/6 (1),wl.202110.ECE.49595.004.28582,Software Engineering Tools,wl.202110.ECE.49595.004.28582,496793-0,3,3,100,4.333333492,1.154700518,5,2,66.66666412,,Professors in Department,4.075089804,0.930146696
Fall 2020 16 Week 11/23-12/6 (1),wl.202110.ECE.49595.004.28582,Software Engineering Tools,wl.202110.ECE.49595.004.28582,496793-0,3,3,100,4.333333492,1.154700518,3,1,33.33333206,,Professors in Department,4.075089804,0.930146696
Fall 2020 16 Week 11/23-12/6 (1),wl.202110.ECE.49595.006.28584,Software Engineering Tools,wl.202110.ECE.49595.006.28584,496793-0,7,5,71.42857361,4.599999905,0.89442718,5,4,80,,Professors in Department,4.075089804,0.930146696
Fall 2020 16 Week 11/23-12/6 (1),wl.202110.ECE.49595.006.28584,Software Engineering Tools,wl.202110.ECE.49595.006.28584,496793-0,7,5,71.42857361,4.599999905,0.89442718,3,1,20,,Professors in Department,4.075089804,0.930146696
Fall 2020 16 Week 11/23-12/6 (1),wl.202110.ECE.49595.007.28585,Software Engineering Tools,wl.202110.ECE.49595.007.28585,496793-0,7,2,28.5714283,3,0,3,2,100,,Professors in Department,4.075089804,0.930146696
Fall 2020 16 Week 11/23-12/6 (1),wl.202110.ECE.49595.008.28586,Software Engineering Tools,wl.202110.ECE.49595.008.28586,496793-0,22,13,59.09090805,4.230769157,0.926808715,5,7,53.84615326,,Professors in Department,4.075089804,0.930146696
Fall 2020 16 Week 11/23-12/6 (1),wl.202110.ECE.49595.008.28586,Software Engineering Tools,wl.202110.ECE.49595.008.28586,496793-0,22,13,59.09090805,4.230769157,0.926808715,4,2,15.38461494,,Professors in Department,4.075089804,0.930146696
Fall 2020 16 Week 11/23-12/6 (1),wl.202110.ECE.49595.008.28586,Software Engineering Tools,wl.202110.ECE.49595.008.28586,496793-0,22,13,59.09090805,4.230769157,0.926808715,3,4,30.76922989,,Professors in Department,4.075089804,0.930146696
Spring 2021 16 Week 4/19-5/2 (1),wl.202120.ECE.59500.014.31216,Advanced Software Engineering,wl.202120.ECE.59500.014.31216,496793-0,17,12,70.58823395,4.333333492,0.984731913,5,7,58.33333206,,Professors in Department,4.075089804,0.930146696
Spring 2021 16 Week 4/19-5/2 (1),wl.202120.ECE.59500.014.31216,Advanced Software Engineering,wl.202120.ECE.59500.014.31216,496793-0,17,12,70.58823395,4.333333492,0.984731913,4,3,25,,Professors in Department,4.075089804,0.930146696
Spring 2021 16 Week 4/19-5/2 (1),wl.202120.ECE.59500.014.31216,Advanced Software Engineering,wl.202120.ECE.59500.014.31216,496793-0,17,12,70.58823395,4.333333492,0.984731913,3,1,8.333333015,,Professors in Department,4.075089804,0.930146696
Spring 2021 16 Week 4/19-5/2 (1),wl.202120.ECE.59500.014.31216,Advanced Software Engineering,wl.202120.ECE.59500.014.31216,496793-0,17,12,70.58823395,4.333333492,0.984731913,2,1,8.333333015,,Professors in Department,4.075089804,0.930146696
Spring 2021 16 Week 4/19-5/2 (1),wl.202120.ECE.59500.EP7.31745,Advanced Software Engineering,wl.202120.ECE.59500.EP7.31745,496793-0,1,1,100,5,0,5,1,100,,Professors in Department,4.075089804,0.930146696
Spring 2021 16 Week 4/19-5/2 (1),wl.202120.ECE.59500.OLA.31445,Advanced Software Engineering,wl.202120.ECE.59500.OLA.31445,496793-0,6,6,100,4.833333492,0.408248305,5,5,83.33333588,,Professors in Department,4.075089804,0.930146696
Spring 2021 16 Week 4/19-5/2 (1),wl.202120.ECE.59500.OLA.31445,Advanced Software Engineering,wl.202120.ECE.59500.OLA.31445,496793-0,6,6,100,4.833333492,0.408248305,4,1,16.66666603,,Professors in Department,4.075089804,0.930146696
Spring 2021 16 Week 4/19-5/2 (1),wl.202120.ECE.59500.OX8.32295,Advanced Software Engineering,wl.202120.ECE.59500.OX8.32295,496793-0,10,4,40,5,0,5,4,100,,Professors in Department,4.075089804,0.930146696
Fall 2020 16 Week 11/23-12/6 (1),wl.202110.ECE.36800.001.17766,Data Structures,wl.202110.ECE.36800.001.17766,496794-0,99,44,44.44444275,4.409090996,0.692759275,5,22,50,,Professors in Department,3.993641166,1.05797999
Fall 2020 16 Week 11/23-12/6 (1),wl.202110.ECE.36800.001.17766,Data Structures,wl.202110.ECE.36800.001.17766,496794-0,99,44,44.44444275,4.409090996,0.692759275,4,19,43.18181992,,Professors in Department,3.993641166,1.05797999
Fall 2020 16 Week 11/23-12/6 (1),wl.202110.ECE.36800.001.17766,Data Structures,wl.202110.ECE.36800.001.17766,496794-0,99,44,44.44444275,4.409090996,0.692759275,3,2,4.545454502,,Professors in Department,3.993641166,1.05797999
Fall 2020 16 Week 11/23-12/6 (1),wl.202110.ECE.36800.001.17766,Data Structures,wl.202110.ECE.36800.001.17766,496794-0,99,44,44.44444275,4.409090996,0.692759275,2,1,2.272727251,,Professors in Department,3.993641166,1.05797999
Fall 2020 16 Week 11/23-12/6 (1),wl.202110.ECE.49595.002.28580,Software Engineering Tools,wl.202110.ECE.49595.002.28580,496794-0,5,3,60,4.666666508,0.577350259,5,2,66.66666412,,Professors in Department,3.993641166,1.05797999
Fall 2020 16 Week 11/23-12/6 (1),wl.202110.ECE.49595.002.28580,Software Engineering Tools,wl.202110.ECE.49595.002.28580,496794-0,5,3,60,4.666666508,0.577350259,4,1,33.33333206,,Professors in Department,3.993641166,1.05797999
Fall 2020 16 Week 11/23-12/6 (1),wl.202110.ECE.49595.004.28582,Software Engineering Tools,wl.202110.ECE.49595.004.28582,496794-0,3,3,100,4,1,5,1,33.33333206,,Professors in Department,3.993641166,1.05797999
Fall 2020 16 Week 11/23-12/6 (1),wl.202110.ECE.49595.004.28582,Software Engineering Tools,wl.202110.ECE.49595.004.28582,496794-0,3,3,100,4,1,4,1,33.33333206,,Professors in Department,3.993641166,1.05797999
Fall 2020 16 Week 11/23-12/6 (1),wl.202110.ECE.49595.004.28582,Software Engineering Tools,wl.202110.ECE.49595.004.28582,496794-0,3,3,100,4,1,3,1,33.33333206,,Professors in Department,3.993641166,1.05797999
Fall 2020 16 Week 11/23-12/6 (1),wl.202110.ECE.49595.006.28584,Software Engineering Tools,wl.202110.ECE.49595.006.28584,496794-0,7,5,71.42857361,4.400000095,0.547722578,5,2,40,,Professors in Department,3.993641166,1.05797999
Fall 2020 16 Week 11/23-12/6 (1),wl.202110.ECE.49595.006.28584,Software Engineering Tools,wl.202110.ECE.49595.006.28584,496794-0,7,5,71.42857361,4.400000095,0.547722578,4,3,60,,Professors in Department,3.993641166,1.05797999
Fall 2020 16 Week 11/23-12/6 (1),wl.202110.ECE.49595.007.28585,Software Engineering Tools,wl.202110.ECE.49595.007.28585,496794-0,7,2,28.5714283,2.5,2.121320248,4,1,50,,Professors in Department,3.993641166,1.05797999
Fall 2020 16 Week 11/23-12/6 (1),wl.202110.ECE.49595.007.28585,Software Engineering Tools,wl.202110.ECE.49595.007.28585,496794-0,7,2,28.5714283,2.5,2.121320248,1,1,50,,Professors in Department,3.993641166,1.05797999
Fall 2020 16 Week 11/23-12/6 (1),wl.202110.ECE.49595.008.28586,Software Engineering Tools,wl.202110.ECE.49595.008.28586,496794-0,22,13,59.09090805,4.307692528,1.182131886,5,8,61.53845978,,Professors in Department,3.993641166,1.05797999
Fall 2020 16 Week 11/23-12/6 (1),wl.202110.ECE.49595.008.28586,Software Engineering Tools,wl.202110.ECE.49595.008.28586,496794-0,22,13,59.09090805,4.307692528,1.182131886,4,3,23.07692337,,Professors in Department,3.993641166,1.05797999
Fall 2020 16 Week 11/23-12/6 (1),wl.202110.ECE.49595.008.28586,Software Engineering Tools,wl.202110.ECE.49595.008.28586,496794-0,22,13,59.09090805,4.307692528,1.182131886,3,1,7.692307472,,Professors in Department,3.993641166,1.05797999
Fall 2020 16 Week 11/23-12/6 (1),wl.202110.ECE.49595.008.28586,Software Engineering Tools,wl.202110.ECE.49595.008.28586,496794-0,22,13,59.09090805,4.307692528,1.182131886,1,1,7.692307472,,Professors in Department,3.993641166,1.05797999
Spring 2021 16 Week 4/19-5/2 (1),wl.202120.ECE.59500.014.31216,Advanced Software Engineering,wl.202120.ECE.59500.014.31216,496794-0,17,12,70.58823395,4,0.852802873,5,3,25,,Professors in Department,3.993641166,1.05797999
Spring 2021 16 Week 4/19-5/2 (1),wl.202120.ECE.59500.014.31216,Advanced Software Engineering,wl.202120.ECE.59500.014.31216,496794-0,17,12,70.58823395,4,0.852802873,4,7,58.33333206,,Professors in Department,3.993641166,1.05797999
Spring 2021 16 Week 4/19-5/2 (1),wl.202120.ECE.59500.014.31216,Advanced Software Engineering,wl.202120.ECE.59500.014.31216,496794-0,17,12,70.58823395,4,0.852802873,3,1,8.333333015,,Professors in Department,3.993641166,1.05797999
Spring 2021 16 Week 4/19-5/2 (1),wl.202120.ECE.59500.014.31216,Advanced Software Engineering,wl.202120.ECE.59500.014.31216,496794-0,17,12,70.58823395,4,0.852802873,2,1,8.333333015,,Professors in Department,3.993641166,1.05797999
Spring 2021 16 Week 4/19-5/2 (1),wl.202120.ECE.59500.EP7.31745,Advanced Software Engineering,wl.202120.ECE.59500.EP7.31745,496794-0,1,1,100,5,0,5,1,100,,Professors in Department,3.993641166,1.05797999
Spring 2021 16 Week 4/19-5/2 (1),wl.202120.ECE.59500.OLA.31445,Advanced Software Engineering,wl.202120.ECE.59500.OLA.31445,496794-0,6,6,100,3.666666746,1.032795548,5,1,16.66666603,,Professors in Department,3.993641166,1.05797999
Spring 2021 16 Week 4/19-5/2 (1),wl.202120.ECE.59500.OLA.31445,Advanced Software Engineering,wl.202120.ECE.59500.OLA.31445,496794-0,6,6,100,3.666666746,1.032795548,4,3,50,,Professors in Department,3.993641166,1.05797999
Spring 2021 16 Week 4/19-5/2 (1),wl.202120.ECE.59500.OLA.31445,Advanced Software Engineering,wl.202120.ECE.59500.OLA.31445,496794-0,6,6,100,3.666666746,1.032795548,3,1,16.66666603,,Professors in Department,3.993641166,1.05797999
Spring 2021 16 Week 4/19-5/2 (1),wl.202120.ECE.59500.OLA.31445,Advanced Software Engineering,wl.202120.ECE.59500.OLA.31445,496794-0,6,6,100,3.666666746,1.032795548,2,1,16.66666603,,Professors in Department,3.993641166,1.05797999
Spring 2021 16 Week 4/19-5/2 (1),wl.202120.ECE.59500.OX8.32295,Advanced Software Engineering,wl.202120.ECE.59500.OX8.32295,496794-0,10,4,40,4.5,0.577350259,5,2,50,,Professors in Department,3.993641166,1.05797999
Spring 2021 16 Week 4/19-5/2 (1),wl.202120.ECE.59500.OX8.32295,Advanced Software Engineering,wl.202120.ECE.59500.OX8.32295,496794-0,10,4,40,4.5,0.577350259,4,2,50,,Professors in Department,3.993641166,1.05797999
Fall 2020 16 Week 11/23-12/6 (1),wl.202110.ECE.36800.001.17766,Data Structures,wl.202110.ECE.36800.001.17766,496872-0,99,44,44.44444275,4.454545498,0.729910672,5,25,56.81818008,,Professors in Department,4.055615182,1.01262037
Fall 2020 16 Week 11/23-12/6 (1),wl.202110.ECE.36800.001.17766,Data Structures,wl.202110.ECE.36800.001.17766,496872-0,99,44,44.44444275,4.454545498,0.729910672,4,15,34.09090805,,Professors in Department,4.055615182,1.01262037
Fall 2020 16 Week 11/23-12/6 (1),wl.202110.ECE.36800.001.17766,Data Structures,wl.202110.ECE.36800.001.17766,496872-0,99,44,44.44444275,4.454545498,0.729910672,3,3,6.818181992,,Professors in Department,4.055615182,1.01262037
Fall 2020 16 Week 11/23-12/6 (1),wl.202110.ECE.36800.001.17766,Data Structures,wl.202110.ECE.36800.001.17766,496872-0,99,44,44.44444275,4.454545498,0.729910672,2,1,2.272727251,,Professors in Department,4.055615182,1.01262037
Fall 2020 16 Week 11/23-12/6 (1),wl.202110.ECE.49595.002.28580,Software Engineering Tools,wl.202110.ECE.49595.002.28580,496872-0,5,3,60,5,0,5,3,100,,Professors in Department,4.055615182,1.01262037
Fall 2020 16 Week 11/23-12/6 (1),wl.202110.ECE.49595.004.28582,Software Engineering Tools,wl.202110.ECE.49595.004.28582,496872-0,3,3,100,4,1,5,1,33.33333206,,Professors in Department,4.055615182,1.01262037
Fall 2020 16 Week 11/23-12/6 (1),wl.202110.ECE.49595.004.28582,Software Engineering Tools,wl.202110.ECE.49595.004.28582,496872-0,3,3,100,4,1,4,1,33.33333206,,Professors in Department,4.055615182,1.01262037
Fall 2020 16 Week 11/23-12/6 (1),wl.202110.ECE.49595.004.28582,Software Engineering Tools,wl.202110.ECE.49595.004.28582,496872-0,3,3,100,4,1,3,1,33.33333206,,Professors in Department,4.055615182,1.01262037
Fall 2020 16 Week 11/23-12/6 (1),wl.202110.ECE.49595.006.28584,Software Engineering Tools,wl.202110.ECE.49595.006.28584,496872-0,7,5,71.42857361,4.800000191,0.44721359,5,4,80,,Professors in Department,4.055615182,1.01262037
Fall 2020 16 Week 11/23-12/6 (1),wl.202110.ECE.49595.006.28584,Software Engineering Tools,wl.202110.ECE.49595.006.28584,496872-0,7,5,71.42857361,4.800000191,0.44721359,4,1,20,,Professors in Department,4.055615182,1.01262037
Fall 2020 16 Week 11/23-12/6 (1),wl.202110.ECE.49595.007.28585,Software Engineering Tools,wl.202110.ECE.49595.007.28585,496872-0,7,2,28.5714283,3,2.828427076,5,1,50,,Professors in Department,4.055615182,1.01262037
Fall 2020 16 Week 11/23-12/6 (1),wl.202110.ECE.49595.007.28585,Software Engineering Tools,wl.202110.ECE.49595.007.28585,496872-0,7,2,28.5714283,3,2.828427076,1,1,50,,Professors in Department,4.055615182,1.01262037
Fall 2020 16 Week 11/23-12/6 (1),wl.202110.ECE.49595.008.28586,Software Engineering Tools,wl.202110.ECE.49595.008.28586,496872-0,22,13,59.09090805,4.461538315,1.198289394,5,10,76.92308044,,Professors in Department,4.055615182,1.01262037
Fall 2020 16 Week 11/23-12/6 (1),wl.202110.ECE.49595.008.28586,Software Engineering Tools,wl.202110.ECE.49595.008.28586,496872-0,22,13,59.09090805,4.461538315,1.198289394,4,1,7.692307472,,Professors in Department,4.055615182,1.01262037
Fall 2020 16 Week 11/23-12/6 (1),wl.202110.ECE.49595.008.28586,Software Engineering Tools,wl.202110.ECE.49595.008.28586,496872-0,22,13,59.09090805,4.461538315,1.198289394,3,1,7.692307472,,Professors in Department,4.055615182,1.01262037
Fall 2020 16 Week 11/23-12/6 (1),wl.202110.ECE.49595.008.28586,Software Engineering Tools,wl.202110.ECE.49595.008.28586,496872-0,22,13,59.09090805,4.461538315,1.198289394,1,1,7.692307472,,Professors in Department,4.055615182,1.01262037
Spring 2021 16 Week 4/19-5/2 (1),wl.202120.ECE.59500.014.31216,Advanced Software Engineering,wl.202120.ECE.59500.014.31216,496872-0,17,12,70.58823395,4.083333492,0.996204913,5,5,41.66666794,,Professors in Department,4.055615182,1.01262037
Spring 2021 16 Week 4/19-5/2 (1),wl.202120.ECE.59500.014.31216,Advanced Software Engineering,wl.202120.ECE.59500.014.31216,496872-0,17,12,70.58823395,4.083333492,0.996204913,4,4,33.33333206,,Professors in Department,4.055615182,1.01262037
Spring 2021 16 Week 4/19-5/2 (1),wl.202120.ECE.59500.014.31216,Advanced Software Engineering,wl.202120.ECE.59500.014.31216,496872-0,17,12,70.58823395,4.083333492,0.996204913,3,2,16.66666603,,Professors in Department,4.055615182,1.01262037
Spring 2021 16 Week 4/19-5/2 (1),wl.202120.ECE.59500.014.31216,Advanced Software Engineering,wl.202120.ECE.59500.014.31216,496872-0,17,12,70.58823395,4.083333492,0.996204913,2,1,8.333333015,,Professors in Department,4.055615182,1.01262037
Spring 2021 16 Week 4/19-5/2 (1),wl.202120.ECE.59500.EP7.31745,Advanced Software Engineering,wl.202120.ECE.59500.EP7.31745,496872-0,1,1,100,5,0,5,1,100,,Professors in Department,4.055615182,1.01262037
Spring 2021 16 Week 4/19-5/2 (1),wl.202120.ECE.59500.OLA.31445,Advanced Software Engineering,wl.202120.ECE.59500.OLA.31445,496872-0,6,6,100,3.5,1.048808813,5,1,16.66666603,,Professors in Department,4.055615182,1.01262037
Spring 2021 16 Week 4/19-5/2 (1),wl.202120.ECE.59500.OLA.31445,Advanced Software Engineering,wl.202120.ECE.59500.OLA.31445,496872-0,6,6,100,3.5,1.048808813,4,2,33.33333206,,Professors in Department,4.055615182,1.01262037
Spring 2021 16 Week 4/19-5/2 (1),wl.202120.ECE.59500.OLA.31445,Advanced Software Engineering,wl.202120.ECE.59500.OLA.31445,496872-0,6,6,100,3.5,1.048808813,3,2,33.33333206,,Professors in Department,4.055615182,1.01262037
Spring 2021 16 Week 4/19-5/2 (1),wl.202120.ECE.59500.OLA.31445,Advanced Software Engineering,wl.202120.ECE.59500.OLA.31445,496872-0,6,6,100,3.5,1.048808813,2,1,16.66666603,,Professors in Department,4.055615182,1.01262037
Spring 2021 16 Week 4/19-5/2 (1),wl.202120.ECE.59500.OX8.32295,Advanced Software Engineering,wl.202120.ECE.59500.OX8.32295,496872-0,10,4,40,4.75,0.5,5,3,75,,Professors in Department,4.055615182,1.01262037
Spring 2021 16 Week 4/19-5/2 (1),wl.202120.ECE.59500.OX8.32295,Advanced Software Engineering,wl.202120.ECE.59500.OX8.32295,496872-0,10,4,40,4.75,0.5,4,1,25,,Professors in Department,4.055615182,1.01262037
Fall 2020 16 Week 11/23-12/6 (1),wl.202110.ECE.36800.001.17766,Data Structures,wl.202110.ECE.36800.001.17766,496873-0,99,43,43.43434525,4.511627674,0.702786744,5,26,60.46511459,,Professors in Department,3.978670388,1.000868615
Fall 2020 16 Week 11/23-12/6 (1),wl.202110.ECE.36800.001.17766,Data Structures,wl.202110.ECE.36800.001.17766,496873-0,99,43,43.43434525,4.511627674,0.702786744,4,14,32.5581398,,Professors in Department,3.978670388,1.000868615
Fall 2020 16 Week 11/23-12/6 (1),wl.202110.ECE.36800.001.17766,Data Structures,wl.202110.ECE.36800.001.17766,496873-0,99,43,43.43434525,4.511627674,0.702786744,3,2,4.651162624,,Professors in Department,3.978670388,1.000868615
Fall 2020 16 Week 11/23-12/6 (1),wl.202110.ECE.36800.001.17766,Data Structures,wl.202110.ECE.36800.001.17766,496873-0,99,43,43.43434525,4.511627674,0.702786744,2,1,2.325581312,,Professors in Department,3.978670388,1.000868615
Fall 2020 16 Week 11/23-12/6 (1),wl.202110.ECE.49595.002.28580,Software Engineering Tools,wl.202110.ECE.49595.002.28580,496873-0,5,3,60,4.666666508,0.577350259,5,2,66.66666412,,Professors in Department,3.978670388,1.000868615
Fall 2020 16 Week 11/23-12/6 (1),wl.202110.ECE.49595.002.28580,Software Engineering Tools,wl.202110.ECE.49595.002.28580,496873-0,5,3,60,4.666666508,0.577350259,4,1,33.33333206,,Professors in Department,3.978670388,1.000868615
Fall 2020 16 Week 11/23-12/6 (1),wl.202110.ECE.49595.004.28582,Software Engineering Tools,wl.202110.ECE.49595.004.28582,496873-0,3,3,100,4.333333492,0.577350259,5,1,33.33333206,,Professors in Department,3.978670388,1.000868615
Fall 2020 16 Week 11/23-12/6 (1),wl.202110.ECE.49595.004.28582,Software Engineering Tools,wl.202110.ECE.49595.004.28582,496873-0,3,3,100,4.333333492,0.577350259,4,2,66.66666412,,Professors in Department,3.978670388,1.000868615
Fall 2020 16 Week 11/23-12/6 (1),wl.202110.ECE.49595.006.28584,Software Engineering Tools,wl.202110.ECE.49595.006.28584,496873-0,7,5,71.42857361,4.599999905,0.547722578,5,3,60,,Professors in Department,3.978670388,1.000868615
Fall 2020 16 Week 11/23-12/6 (1),wl.202110.ECE.49595.006.28584,Software Engineering Tools,wl.202110.ECE.49595.006.28584,496873-0,7,5,71.42857361,4.599999905,0.547722578,4,2,40,,Professors in Department,3.978670388,1.000868615
Fall 2020 16 Week 11/23-12/6 (1),wl.202110.ECE.49595.007.28585,Software Engineering Tools,wl.202110.ECE.49595.007.28585,496873-0,7,2,28.5714283,4.5,0.707106769,5,1,50,,Professors in Department,3.978670388,1.000868615
Fall 2020 16 Week 11/23-12/6 (1),wl.202110.ECE.49595.007.28585,Software Engineering Tools,wl.202110.ECE.49595.007.28585,496873-0,7,2,28.5714283,4.5,0.707106769,4,1,50,,Professors in Department,3.978670388,1.000868615
Fall 2020 16 Week 11/23-12/6 (1),wl.202110.ECE.49595.008.28586,Software Engineering Tools,wl.202110.ECE.49595.008.28586,496873-0,22,13,59.09090805,4.615384579,0.50636971,5,8,61.53845978,,Professors in Department,3.978670388,1.000868615
Fall 2020 16 Week 11/23-12/6 (1),wl.202110.ECE.49595.008.28586,Software Engineering Tools,wl.202110.ECE.49595.008.28586,496873-0,22,13,59.09090805,4.615384579,0.50636971,4,5,38.46154022,,Professors in Department,3.978670388,1.000868615
Spring 2021 16 Week 4/19-5/2 (1),wl.202120.ECE.59500.014.31216,Advanced Software Engineering,wl.202120.ECE.59500.014.31216,496873-0,17,12,70.58823395,3.833333254,0.834847093,5,3,25,,Professors in Department,3.978670388,1.000868615
Spring 2021 16 Week 4/19-5/2 (1),wl.202120.ECE.59500.014.31216,Advanced Software Engineering,wl.202120.ECE.59500.014.31216,496873-0,17,12,70.58823395,3.833333254,0.834847093,4,4,33.33333206,,Professors in Department,3.978670388,1.000868615
Spring 2021 16 Week 4/19-5/2 (1),wl.202120.ECE.59500.014.31216,Advanced Software Engineering,wl.202120.ECE.59500.014.31216,496873-0,17,12,70.58823395,3.833333254,0.834847093,3,5,41.66666794,,Professors in Department,3.978670388,1.000868615
Spring 2021 16 Week 4/19-5/2 (1),wl.202120.ECE.59500.EP7.31745,Advanced Software Engineering,wl.202120.ECE.59500.EP7.31745,496873-0,1,1,100,5,0,5,1,100,,Professors in Department,3.978670388,1.000868615
Spring 2021 16 Week 4/19-5/2 (1),wl.202120.ECE.59500.OLA.31445,Advanced Software Engineering,wl.202120.ECE.59500.OLA.31445,496873-0,6,6,100,4.166666508,0.752772629,5,2,33.33333206,,Professors in Department,3.978670388,1.000868615
Spring 2021 16 Week 4/19-5/2 (1),wl.202120.ECE.59500.OLA.31445,Advanced Software Engineering,wl.202120.ECE.59500.OLA.31445,496873-0,6,6,100,4.166666508,0.752772629,4,3,50,,Professors in Department,3.978670388,1.000868615
Spring 2021 16 Week 4/19-5/2 (1),wl.202120.ECE.59500.OLA.31445,Advanced Software Engineering,wl.202120.ECE.59500.OLA.31445,496873-0,6,6,100,4.166666508,0.752772629,3,1,16.66666603,,Professors in Department,3.978670388,1.000868615
Spring 2021 16 Week 4/19-5/2 (1),wl.202120.ECE.59500.OX8.32295,Advanced Software Engineering,wl.202120.ECE.59500.OX8.32295,496873-0,10,4,40,4.25,0.5,5,1,25,,Professors in Department,3.978670388,1.000868615
Spring 2021 16 Week 4/19-5/2 (1),wl.202120.ECE.59500.OX8.32295,Advanced Software Engineering,wl.202120.ECE.59500.OX8.32295,496873-0,10,4,40,4.25,0.5,4,3,75,,Professors in Department,3.978670388,1.000868615
Fall 2020 16 Week 11/23-12/6 (1),wl.202110.ECE.36800.001.17766,Data Structures,wl.202110.ECE.36800.001.17766,496874-0,99,44,44.44444275,4.477272511,0.664328158,5,25,56.81818008,,Professors in Department,3.808084811,1.07124619
Fall 2020 16 Week 11/23-12/6 (1),wl.202110.ECE.36800.001.17766,Data Structures,wl.202110.ECE.36800.001.17766,496874-0,99,44,44.44444275,4.477272511,0.664328158,4,15,34.09090805,,Professors in Department,3.808084811,1.07124619
Fall 2020 16 Week 11/23-12/6 (1),wl.202110.ECE.36800.001.17766,Data Structures,wl.202110.ECE.36800.001.17766,496874-0,99,44,44.44444275,4.477272511,0.664328158,3,4,9.090909004,,Professors in Department,3.808084811,1.07124619
Fall 2020 16 Week 11/23-12/6 (1),wl.202110.ECE.49595.002.28580,Software Engineering Tools,wl.202110.ECE.49595.002.28580,496874-0,5,3,60,3.666666746,1.527525187,5,1,33.33333206,,Professors in Department,3.808084811,1.07124619
Fall 2020 16 Week 11/23-12/6 (1),wl.202110.ECE.49595.002.28580,Software Engineering Tools,wl.202110.ECE.49595.002.28580,496874-0,5,3,60,3.666666746,1.527525187,4,1,33.33333206,,Professors in Department,3.808084811,1.07124619
Fall 2020 16 Week 11/23-12/6 (1),wl.202110.ECE.49595.002.28580,Software Engineering Tools,wl.202110.ECE.49595.002.28580,496874-0,5,3,60,3.666666746,1.527525187,2,1,33.33333206,,Professors in Department,3.808084811,1.07124619
Fall 2020 16 Week 11/23-12/6 (1),wl.202110.ECE.49595.004.28582,Software Engineering Tools,wl.202110.ECE.49595.004.28582,496874-0,3,3,100,4,1,5,1,33.33333206,,Professors in Department,3.808084811,1.07124619
Fall 2020 16 Week 11/23-12/6 (1),wl.202110.ECE.49595.004.28582,Software Engineering Tools,wl.202110.ECE.49595.004.28582,496874-0,3,3,100,4,1,4,1,33.33333206,,Professors in Department,3.808084811,1.07124619
Fall 2020 16 Week 11/23-12/6 (1),wl.202110.ECE.49595.004.28582,Software Engineering Tools,wl.202110.ECE.49595.004.28582,496874-0,3,3,100,4,1,3,1,33.33333206,,Professors in Department,3.808084811,1.07124619
Fall 2020 16 Week 11/23-12/6 (1),wl.202110.ECE.49595.006.28584,Software Engineering Tools,wl.202110.ECE.49595.006.28584,496874-0,7,5,71.42857361,4,1,5,2,40,,Professors in Department,3.808084811,1.07124619
Fall 2020 16 Week 11/23-12/6 (1),wl.202110.ECE.49595.006.28584,Software Engineering Tools,wl.202110.ECE.49595.006.28584,496874-0,7,5,71.42857361,4,1,4,1,20,,Professors in Department,3.808084811,1.07124619
Fall 2020 16 Week 11/23-12/6 (1),wl.202110.ECE.49595.006.28584,Software Engineering Tools,wl.202110.ECE.49595.006.28584,496874-0,7,5,71.42857361,4,1,3,2,40,,Professors in Department,3.808084811,1.07124619
Fall 2020 16 Week 11/23-12/6 (1),wl.202110.ECE.49595.007.28585,Software Engineering Tools,wl.202110.ECE.49595.007.28585,496874-0,7,2,28.5714283,2,1.414213538,3,1,50,,Professors in Department,3.808084811,1.07124619
Fall 2020 16 Week 11/23-12/6 (1),wl.202110.ECE.49595.007.28585,Software Engineering Tools,wl.202110.ECE.49595.007.28585,496874-0,7,2,28.5714283,2,1.414213538,1,1,50,,Professors in Department,3.808084811,1.07124619
Fall 2020 16 Week 11/23-12/6 (1),wl.202110.ECE.49595.008.28586,Software Engineering Tools,wl.202110.ECE.49595.008.28586,496874-0,22,13,59.09090805,4,1.35400641,5,7,53.84615326,,Professors in Department,3.808084811,1.07124619
Fall 2020 16 Week 11/23-12/6 (1),wl.202110.ECE.49595.008.28586,Software Engineering Tools,wl.202110.ECE.49595.008.28586,496874-0,22,13,59.09090805,4,1.35400641,4,2,15.38461494,,Professors in Department,3.808084811,1.07124619
Fall 2020 16 Week 11/23-12/6 (1),wl.202110.ECE.49595.008.28586,Software Engineering Tools,wl.202110.ECE.49595.008.28586,496874-0,22,13,59.09090805,4,1.35400641,3,2,15.38461494,,Professors in Department,3.808084811,1.07124619
Fall 2020 16 Week 11/23-12/6 (1),wl.202110.ECE.49595.008.28586,Software Engineering Tools,wl.202110.ECE.49595.008.28586,496874-0,22,13,59.09090805,4,1.35400641,2,1,7.692307472,,Professors in Department,3.808084811,1.07124619
Fall 2020 16 Week 11/23-12/6 (1),wl.202110.ECE.49595.008.28586,Software Engineering Tools,wl.202110.ECE.49595.008.28586,496874-0,22,13,59.09090805,4,1.35400641,1,1,7.692307472,,Professors in Department,3.808084811,1.07124619
Spring 2021 16 Week 4/19-5/2 (1),wl.202120.ECE.59500.014.31216,Advanced Software Engineering,wl.202120.ECE.59500.014.31216,496874-0,17,12,70.58823395,4.083333492,0.668557942,5,3,25,,Professors in Department,3.808084811,1.07124619
Spring 2021 16 Week 4/19-5/2 (1),wl.202120.ECE.59500.014.31216,Advanced Software Engineering,wl.202120.ECE.59500.014.31216,496874-0,17,12,70.58823395,4.083333492,0.668557942,4,7,58.33333206,,Professors in Department,3.808084811,1.07124619
Spring 2021 16 Week 4/19-5/2 (1),wl.202120.ECE.59500.014.31216,Advanced Software Engineering,wl.202120.ECE.59500.014.31216,496874-0,17,12,70.58823395,4.083333492,0.668557942,3,2,16.66666603,,Professors in Department,3.808084811,1.07124619
Spring 2021 16 Week 4/19-5/2 (1),wl.202120.ECE.59500.EP7.31745,Advanced Software Engineering,wl.202120.ECE.59500.EP7.31745,496874-0,1,1,100,5,0,5,1,100,,Professors in Department,3.808084811,1.07124619
Spring 2021 16 Week 4/19-5/2 (1),wl.202120.ECE.59500.OLA.31445,Advanced Software Engineering,wl.202120.ECE.59500.OLA.31445,496874-0,6,6,100,3.833333254,0.752772629,5,1,16.66666603,,Professors in Department,3.808084811,1.07124619
Spring 2021 16 Week 4/19-5/2 (1),wl.202120.ECE.59500.OLA.31445,Advanced Software Engineering,wl.202120.ECE.59500.OLA.31445,496874-0,6,6,100,3.833333254,0.752772629,4,3,50,,Professors in Department,3.808084811,1.07124619
Spring 2021 16 Week 4/19-5/2 (1),wl.202120.ECE.59500.OLA.31445,Advanced Software Engineering,wl.202120.ECE.59500.OLA.31445,496874-0,6,6,100,3.833333254,0.752772629,3,2,33.33333206,,Professors in Department,3.808084811,1.07124619
Spring 2021 16 Week 4/19-5/2 (1),wl.202120.ECE.59500.OX8.32295,Advanced Software Engineering,wl.202120.ECE.59500.OX8.32295,496874-0,10,4,40,4.75,0.5,5,3,75,,Professors in Department,3.808084811,1.07124619
Spring 2021 16 Week 4/19-5/2 (1),wl.202120.ECE.59500.OX8.32295,Advanced Software Engineering,wl.202120.ECE.59500.OX8.32295,496874-0,10,4,40,4.75,0.5,4,1,25,,Professors in Department,3.808084811,1.07124619
Fall 2020 16 Week 11/23-12/6 (1),wl.202110.ECE.36800.001.17766,Data Structures,wl.202110.ECE.36800.001.17766,496875-0,99,43,43.43434525,4.279069901,0.73437959,5,19,44.1860466,,Professors in Department,3.944581619,1.028745966
Fall 2020 16 Week 11/23-12/6 (1),wl.202110.ECE.36800.001.17766,Data Structures,wl.202110.ECE.36800.001.17766,496875-0,99,43,43.43434525,4.279069901,0.73437959,4,17,39.53488541,,Professors in Department,3.944581619,1.028745966
Fall 2020 16 Week 11/23-12/6 (1),wl.202110.ECE.36800.001.17766,Data Structures,wl.202110.ECE.36800.001.17766,496875-0,99,43,43.43434525,4.279069901,0.73437959,3,7,16.2790699,,Professors in Department,3.944581619,1.028745966
Fall 2020 16 Week 11/23-12/6 (1),wl.202110.ECE.49595.002.28580,Software Engineering Tools,wl.202110.ECE.49595.002.28580,496875-0,5,3,60,4,1,5,1,33.33333206,,Professors in Department,3.944581619,1.028745966
Fall 2020 16 Week 11/23-12/6 (1),wl.202110.ECE.49595.002.28580,Software Engineering Tools,wl.202110.ECE.49595.002.28580,496875-0,5,3,60,4,1,4,1,33.33333206,,Professors in Department,3.944581619,1.028745966
Fall 2020 16 Week 11/23-12/6 (1),wl.202110.ECE.49595.002.28580,Software Engineering Tools,wl.202110.ECE.49595.002.28580,496875-0,5,3,60,4,1,3,1,33.33333206,,Professors in Department,3.944581619,1.028745966
Fall 2020 16 Week 11/23-12/6 (1),wl.202110.ECE.49595.004.28582,Software Engineering Tools,wl.202110.ECE.49595.004.28582,496875-0,3,3,100,3.666666746,1.154700518,5,1,33.33333206,,Professors in Department,3.944581619,1.028745966
Fall 2020 16 Week 11/23-12/6 (1),wl.202110.ECE.49595.004.28582,Software Engineering Tools,wl.202110.ECE.49595.004.28582,496875-0,3,3,100,3.666666746,1.154700518,3,2,66.66666412,,Professors in Department,3.944581619,1.028745966
Fall 2020 16 Week 11/23-12/6 (1),wl.202110.ECE.49595.006.28584,Software Engineering Tools,wl.202110.ECE.49595.006.28584,496875-0,7,5,71.42857361,4.599999905,0.547722578,5,3,60,,Professors in Department,3.944581619,1.028745966
Fall 2020 16 Week 11/23-12/6 (1),wl.202110.ECE.49595.006.28584,Software Engineering Tools,wl.202110.ECE.49595.006.28584,496875-0,7,5,71.42857361,4.599999905,0.547722578,4,2,40,,Professors in Department,3.944581619,1.028745966
Fall 2020 16 Week 11/23-12/6 (1),wl.202110.ECE.49595.007.28585,Software Engineering Tools,wl.202110.ECE.49595.007.28585,496875-0,7,2,28.5714283,3,0,3,2,100,,Professors in Department,3.944581619,1.028745966
Fall 2020 16 Week 11/23-12/6 (1),wl.202110.ECE.49595.008.28586,Software Engineering Tools,wl.202110.ECE.49595.008.28586,496875-0,22,13,59.09090805,4,0.912870944,5,5,38.46154022,,Professors in Department,3.944581619,1.028745966
Fall 2020 16 Week 11/23-12/6 (1),wl.202110.ECE.49595.008.28586,Software Engineering Tools,wl.202110.ECE.49595.008.28586,496875-0,22,13,59.09090805,4,0.912870944,4,3,23.07692337,,Professors in Department,3.944581619,1.028745966
Fall 2020 16 Week 11/23-12/6 (1),wl.202110.ECE.49595.008.28586,Software Engineering Tools,wl.202110.ECE.49595.008.28586,496875-0,22,13,59.09090805,4,0.912870944,3,5,38.46154022,,Professors in Department,3.944581619,1.028745966
Spring 2021 16 Week 4/19-5/2 (1),wl.202120.ECE.59500.014.31216,Advanced Software Engineering,wl.202120.ECE.59500.014.31216,496875-0,17,12,70.58823395,4.083333492,0.996204913,5,5,41.66666794,,Professors in Department,3.944581619,1.028745966
Spring 2021 16 Week 4/19-5/2 (1),wl.202120.ECE.59500.014.31216,Advanced Software Engineering,wl.202120.ECE.59500.014.31216,496875-0,17,12,70.58823395,4.083333492,0.996204913,4,4,33.33333206,,Professors in Department,3.944581619,1.028745966
Spring 2021 16 Week 4/19-5/2 (1),wl.202120.ECE.59500.014.31216,Advanced Software Engineering,wl.202120.ECE.59500.014.31216,496875-0,17,12,70.58823395,4.083333492,0.996204913,3,2,16.66666603,,Professors in Department,3.944581619,1.028745966
Spring 2021 16 Week 4/19-5/2 (1),wl.202120.ECE.59500.014.31216,Advanced Software Engineering,wl.202120.ECE.59500.014.31216,496875-0,17,12,70.58823395,4.083333492,0.996204913,2,1,8.333333015,,Professors in Department,3.944581619,1.028745966
Spring 2021 16 Week 4/19-5/2 (1),wl.202120.ECE.59500.EP7.31745,Advanced Software Engineering,wl.202120.ECE.59500.EP7.31745,496875-0,1,1,100,5,0,5,1,100,,Professors in Department,3.944581619,1.028745966
Spring 2021 16 Week 4/19-5/2 (1),wl.202120.ECE.59500.OLA.31445,Advanced Software Engineering,wl.202120.ECE.59500.OLA.31445,496875-0,6,6,100,4.666666508,0.516397774,5,4,66.66666412,,Professors in Department,3.944581619,1.028745966
Spring 2021 16 Week 4/19-5/2 (1),wl.202120.ECE.59500.OLA.31445,Advanced Software Engineering,wl.202120.ECE.59500.OLA.31445,496875-0,6,6,100,4.666666508,0.516397774,4,2,33.33333206,,Professors in Department,3.944581619,1.028745966
Spring 2021 16 Week 4/19-5/2 (1),wl.202120.ECE.59500.OX8.32295,Advanced Software Engineering,wl.202120.ECE.59500.OX8.32295,496875-0,10,4,40,5,0,5,4,100,,Professors in Department,3.944581619,1.028745966
Fall 2020 16 Week 11/23-12/6 (1),wl.202110.ECE.36800.001.17766,Data Structures,wl.202110.ECE.36800.001.17766,496878-0,99,43,43.43434525,4.488372326,0.668049514,5,25,58.139534,,Professors in Department,4.057111402,0.956621697
Fall 2020 16 Week 11/23-12/6 (1),wl.202110.ECE.36800.001.17766,Data Structures,wl.202110.ECE.36800.001.17766,496878-0,99,43,43.43434525,4.488372326,0.668049514,4,14,32.5581398,,Professors in Department,4.057111402,0.956621697
Fall 2020 16 Week 11/23-12/6 (1),wl.202110.ECE.36800.001.17766,Data Structures,wl.202110.ECE.36800.001.17766,496878-0,99,43,43.43434525,4.488372326,0.668049514,3,4,9.302325249,,Professors in Department,4.057111402,0.956621697
Fall 2020 16 Week 11/23-12/6 (1),wl.202110.ECE.49595.002.28580,Software Engineering Tools,wl.202110.ECE.49595.002.28580,496878-0,5,3,60,4,1,5,1,33.33333206,,Professors in Department,4.057111402,0.956621697
Fall 2020 16 Week 11/23-12/6 (1),wl.202110.ECE.49595.002.28580,Software Engineering Tools,wl.202110.ECE.49595.002.28580,496878-0,5,3,60,4,1,4,1,33.33333206,,Professors in Department,4.057111402,0.956621697
Fall 2020 16 Week 11/23-12/6 (1),wl.202110.ECE.49595.002.28580,Software Engineering Tools,wl.202110.ECE.49595.002.28580,496878-0,5,3,60,4,1,3,1,33.33333206,,Professors in Department,4.057111402,0.956621697
Fall 2020 16 Week 11/23-12/6 (1),wl.202110.ECE.49595.004.28582,Software Engineering Tools,wl.202110.ECE.49595.004.28582,496878-0,3,3,100,4.333333492,1.154700518,5,2,66.66666412,,Professors in Department,4.057111402,0.956621697
Fall 2020 16 Week 11/23-12/6 (1),wl.202110.ECE.49595.004.28582,Software Engineering Tools,wl.202110.ECE.49595.004.28582,496878-0,3,3,100,4.333333492,1.154700518,3,1,33.33333206,,Professors in Department,4.057111402,0.956621697
Fall 2020 16 Week 11/23-12/6 (1),wl.202110.ECE.49595.006.28584,Software Engineering Tools,wl.202110.ECE.49595.006.28584,496878-0,7,5,71.42857361,4.400000095,0.89442718,5,3,60,,Professors in Department,4.057111402,0.956621697
Fall 2020 16 Week 11/23-12/6 (1),wl.202110.ECE.49595.006.28584,Software Engineering Tools,wl.202110.ECE.49595.006.28584,496878-0,7,5,71.42857361,4.400000095,0.89442718,4,1,20,,Professors in Department,4.057111402,0.956621697
Fall 2020 16 Week 11/23-12/6 (1),wl.202110.ECE.49595.006.28584,Software Engineering Tools,wl.202110.ECE.49595.006.28584,496878-0,7,5,71.42857361,4.400000095,0.89442718,3,1,20,,Professors in Department,4.057111402,0.956621697
Fall 2020 16 Week 11/23-12/6 (1),wl.202110.ECE.49595.007.28585,Software Engineering Tools,wl.202110.ECE.49595.007.28585,496878-0,7,2,28.5714283,3,0,3,2,100,,Professors in Department,4.057111402,0.956621697
Fall 2020 16 Week 11/23-12/6 (1),wl.202110.ECE.49595.008.28586,Software Engineering Tools,wl.202110.ECE.49595.008.28586,496878-0,22,12,54.54545593,4.166666508,0.834847093,5,5,41.66666794,,Professors in Department,4.057111402,0.956621697
Fall 2020 16 Week 11/23-12/6 (1),wl.202110.ECE.49595.008.28586,Software Engineering Tools,wl.202110.ECE.49595.008.28586,496878-0,22,12,54.54545593,4.166666508,0.834847093,4,4,33.33333206,,Professors in Department,4.057111402,0.956621697
Fall 2020 16 Week 11/23-12/6 (1),wl.202110.ECE.49595.008.28586,Software Engineering Tools,wl.202110.ECE.49595.008.28586,496878-0,22,12,54.54545593,4.166666508,0.834847093,3,3,25,,Professors in Department,4.057111402,0.956621697
Spring 2021 16 Week 4/19-5/2 (1),wl.202120.ECE.59500.014.31216,Advanced Software Engineering,wl.202120.ECE.59500.014.31216,496878-0,17,12,70.58823395,4.666666508,0.651338935,5,9,75,,Professors in Department,4.057111402,0.956621697
Spring 2021 16 Week 4/19-5/2 (1),wl.202120.ECE.59500.014.31216,Advanced Software Engineering,wl.202120.ECE.59500.014.31216,496878-0,17,12,70.58823395,4.666666508,0.651338935,4,2,16.66666603,,Professors in Department,4.057111402,0.956621697
Spring 2021 16 Week 4/19-5/2 (1),wl.202120.ECE.59500.014.31216,Advanced Software Engineering,wl.202120.ECE.59500.014.31216,496878-0,17,12,70.58823395,4.666666508,0.651338935,3,1,8.333333015,,Professors in Department,4.057111402,0.956621697
Spring 2021 16 Week 4/19-5/2 (1),wl.202120.ECE.59500.EP7.31745,Advanced Software Engineering,wl.202120.ECE.59500.EP7.31745,496878-0,1,1,100,5,0,5,1,100,,Professors in Department,4.057111402,0.956621697
Spring 2021 16 Week 4/19-5/2 (1),wl.202120.ECE.59500.OLA.31445,Advanced Software Engineering,wl.202120.ECE.59500.OLA.31445,496878-0,6,6,100,4.833333492,0.408248305,5,5,83.33333588,,Professors in Department,4.057111402,0.956621697
Spring 2021 16 Week 4/19-5/2 (1),wl.202120.ECE.59500.OLA.31445,Advanced Software Engineering,wl.202120.ECE.59500.OLA.31445,496878-0,6,6,100,4.833333492,0.408248305,4,1,16.66666603,,Professors in Department,4.057111402,0.956621697
Spring 2021 16 Week 4/19-5/2 (1),wl.202120.ECE.59500.OX8.32295,Advanced Software Engineering,wl.202120.ECE.59500.OX8.32295,496878-0,10,4,40,5,0,5,4,100,,Professors in Department,4.057111402,0.956621697
Fall 2020 16 Week 11/23-12/6 (1),wl.202110.ECE.36800.001.17766,Data Structures,wl.202110.ECE.36800.001.17766,496880-0,99,43,43.43434525,4.511627674,0.631404042,5,25,58.139534,,Professors in Department,4.052957359,0.970973703
Fall 2020 16 Week 11/23-12/6 (1),wl.202110.ECE.36800.001.17766,Data Structures,wl.202110.ECE.36800.001.17766,496880-0,99,43,43.43434525,4.511627674,0.631404042,4,15,34.8837204,,Professors in Department,4.052957359,0.970973703
Fall 2020 16 Week 11/23-12/6 (1),wl.202110.ECE.36800.001.17766,Data Structures,wl.202110.ECE.36800.001.17766,496880-0,99,43,43.43434525,4.511627674,0.631404042,3,3,6.976744175,,Professors in Department,4.052957359,0.970973703
Fall 2020 16 Week 11/23-12/6 (1),wl.202110.ECE.49595.002.28580,Software Engineering Tools,wl.202110.ECE.49595.002.28580,496880-0,5,3,60,4,1,5,1,33.33333206,,Professors in Department,4.052957359,0.970973703
Fall 2020 16 Week 11/23-12/6 (1),wl.202110.ECE.49595.002.28580,Software Engineering Tools,wl.202110.ECE.49595.002.28580,496880-0,5,3,60,4,1,4,1,33.33333206,,Professors in Department,4.052957359,0.970973703
Fall 2020 16 Week 11/23-12/6 (1),wl.202110.ECE.49595.002.28580,Software Engineering Tools,wl.202110.ECE.49595.002.28580,496880-0,5,3,60,4,1,3,1,33.33333206,,Professors in Department,4.052957359,0.970973703
Fall 2020 16 Week 11/23-12/6 (1),wl.202110.ECE.49595.004.28582,Software Engineering Tools,wl.202110.ECE.49595.004.28582,496880-0,3,3,100,4.333333492,1.154700518,5,2,66.66666412,,Professors in Department,4.052957359,0.970973703
Fall 2020 16 Week 11/23-12/6 (1),wl.202110.ECE.49595.004.28582,Software Engineering Tools,wl.202110.ECE.49595.004.28582,496880-0,3,3,100,4.333333492,1.154700518,3,1,33.33333206,,Professors in Department,4.052957359,0.970973703
Fall 2020 16 Week 11/23-12/6 (1),wl.202110.ECE.49595.006.28584,Software Engineering Tools,wl.202110.ECE.49595.006.28584,496880-0,7,5,71.42857361,4.400000095,0.89442718,5,3,60,,Professors in Department,4.052957359,0.970973703
Fall 2020 16 Week 11/23-12/6 (1),wl.202110.ECE.49595.006.28584,Software Engineering Tools,wl.202110.ECE.49595.006.28584,496880-0,7,5,71.42857361,4.400000095,0.89442718,4,1,20,,Professors in Department,4.052957359,0.970973703
Fall 2020 16 Week 11/23-12/6 (1),wl.202110.ECE.49595.006.28584,Software Engineering Tools,wl.202110.ECE.49595.006.28584,496880-0,7,5,71.42857361,4.400000095,0.89442718,3,1,20,,Professors in Department,4.052957359,0.970973703
Fall 2020 16 Week 11/23-12/6 (1),wl.202110.ECE.49595.007.28585,Software Engineering Tools,wl.202110.ECE.49595.007.28585,496880-0,7,2,28.5714283,3,0,3,2,100,,Professors in Department,4.052957359,0.970973703
Fall 2020 16 Week 11/23-12/6 (1),wl.202110.ECE.49595.008.28586,Software Engineering Tools,wl.202110.ECE.49595.008.28586,496880-0,22,13,59.09090805,4.153846264,0.898717046,5,6,46.15384674,,Professors in Department,4.052957359,0.970973703
Fall 2020 16 Week 11/23-12/6 (1),wl.202110.ECE.49595.008.28586,Software Engineering Tools,wl.202110.ECE.49595.008.28586,496880-0,22,13,59.09090805,4.153846264,0.898717046,4,3,23.07692337,,Professors in Department,4.052957359,0.970973703
Fall 2020 16 Week 11/23-12/6 (1),wl.202110.ECE.49595.008.28586,Software Engineering Tools,wl.202110.ECE.49595.008.28586,496880-0,22,13,59.09090805,4.153846264,0.898717046,3,4,30.76922989,,Professors in Department,4.052957359,0.970973703
Spring 2021 16 Week 4/19-5/2 (1),wl.202120.ECE.59500.014.31216,Advanced Software Engineering,wl.202120.ECE.59500.014.31216,496880-0,17,12,70.58823395,4.416666508,0.996204913,5,8,66.66666412,,Professors in Department,4.052957359,0.970973703
Spring 2021 16 Week 4/19-5/2 (1),wl.202120.ECE.59500.014.31216,Advanced Software Engineering,wl.202120.ECE.59500.014.31216,496880-0,17,12,70.58823395,4.416666508,0.996204913,4,2,16.66666603,,Professors in Department,4.052957359,0.970973703
Spring 2021 16 Week 4/19-5/2 (1),wl.202120.ECE.59500.014.31216,Advanced Software Engineering,wl.202120.ECE.59500.014.31216,496880-0,17,12,70.58823395,4.416666508,0.996204913,3,1,8.333333015,,Professors in Department,4.052957359,0.970973703
Spring 2021 16 Week 4/19-5/2 (1),wl.202120.ECE.59500.014.31216,Advanced Software Engineering,wl.202120.ECE.59500.014.31216,496880-0,17,12,70.58823395,4.416666508,0.996204913,2,1,8.333333015,,Professors in Department,4.052957359,0.970973703
Spring 2021 16 Week 4/19-5/2 (1),wl.202120.ECE.59500.EP7.31745,Advanced Software Engineering,wl.202120.ECE.59500.EP7.31745,496880-0,1,1,100,5,0,5,1,100,,Professors in Department,4.052957359,0.970973703
Spring 2021 16 Week 4/19-5/2 (1),wl.202120.ECE.59500.OLA.31445,Advanced Software Engineering,wl.202120.ECE.59500.OLA.31445,496880-0,6,6,100,4.833333492,0.408248305,5,5,83.33333588,,Professors in Department,4.052957359,0.970973703
Spring 2021 16 Week 4/19-5/2 (1),wl.202120.ECE.59500.OLA.31445,Advanced Software Engineering,wl.202120.ECE.59500.OLA.31445,496880-0,6,6,100,4.833333492,0.408248305,4,1,16.66666603,,Professors in Department,4.052957359,0.970973703
Spring 2021 16 Week 4/19-5/2 (1),wl.202120.ECE.59500.OX8.32295,Advanced Software Engineering,wl.202120.ECE.59500.OX8.32295,496880-0,10,4,40,5,0,5,4,100,,Professors in Department,4.052957359,0.970973703
Fall 2020 16 Week 11/23-12/6 (1),wl.202110.ECE.36800.001.17766,Data Structures,wl.202110.ECE.36800.001.17766,496882-0,99,43,43.43434525,4.534883499,0.630526483,5,26,60.46511459,,Professors in Department,4.046481201,0.95131923
Fall 2020 16 Week 11/23-12/6 (1),wl.202110.ECE.36800.001.17766,Data Structures,wl.202110.ECE.36800.001.17766,496882-0,99,43,43.43434525,4.534883499,0.630526483,4,14,32.5581398,,Professors in Department,4.046481201,0.95131923
Fall 2020 16 Week 11/23-12/6 (1),wl.202110.ECE.36800.001.17766,Data Structures,wl.202110.ECE.36800.001.17766,496882-0,99,43,43.43434525,4.534883499,0.630526483,3,3,6.976744175,,Professors in Department,4.046481201,0.95131923
Fall 2020 16 Week 11/23-12/6 (1),wl.202110.ECE.49595.002.28580,Software Engineering Tools,wl.202110.ECE.49595.002.28580,496882-0,5,3,60,4,1,5,1,33.33333206,,Professors in Department,4.046481201,0.95131923
Fall 2020 16 Week 11/23-12/6 (1),wl.202110.ECE.49595.002.28580,Software Engineering Tools,wl.202110.ECE.49595.002.28580,496882-0,5,3,60,4,1,4,1,33.33333206,,Professors in Department,4.046481201,0.95131923
Fall 2020 16 Week 11/23-12/6 (1),wl.202110.ECE.49595.002.28580,Software Engineering Tools,wl.202110.ECE.49595.002.28580,496882-0,5,3,60,4,1,3,1,33.33333206,,Professors in Department,4.046481201,0.95131923
Fall 2020 16 Week 11/23-12/6 (1),wl.202110.ECE.49595.004.28582,Software Engineering Tools,wl.202110.ECE.49595.004.28582,496882-0,3,3,100,4,1,5,1,33.33333206,,Professors in Department,4.046481201,0.95131923
Fall 2020 16 Week 11/23-12/6 (1),wl.202110.ECE.49595.004.28582,Software Engineering Tools,wl.202110.ECE.49595.004.28582,496882-0,3,3,100,4,1,4,1,33.33333206,,Professors in Department,4.046481201,0.95131923
Fall 2020 16 Week 11/23-12/6 (1),wl.202110.ECE.49595.004.28582,Software Engineering Tools,wl.202110.ECE.49595.004.28582,496882-0,3,3,100,4,1,3,1,33.33333206,,Professors in Department,4.046481201,0.95131923
Fall 2020 16 Week 11/23-12/6 (1),wl.202110.ECE.49595.006.28584,Software Engineering Tools,wl.202110.ECE.49595.006.28584,496882-0,7,5,71.42857361,4.599999905,0.547722578,5,3,60,,Professors in Department,4.046481201,0.95131923
Fall 2020 16 Week 11/23-12/6 (1),wl.202110.ECE.49595.006.28584,Software Engineering Tools,wl.202110.ECE.49595.006.28584,496882-0,7,5,71.42857361,4.599999905,0.547722578,4,2,40,,Professors in Department,4.046481201,0.95131923
Fall 2020 16 Week 11/23-12/6 (1),wl.202110.ECE.49595.007.28585,Software Engineering Tools,wl.202110.ECE.49595.007.28585,496882-0,7,2,28.5714283,3,0,3,2,100,,Professors in Department,4.046481201,0.95131923
Fall 2020 16 Week 11/23-12/6 (1),wl.202110.ECE.49595.008.28586,Software Engineering Tools,wl.202110.ECE.49595.008.28586,496882-0,22,13,59.09090805,4.153846264,0.898717046,5,6,46.15384674,,Professors in Department,4.046481201,0.95131923
Fall 2020 16 Week 11/23-12/6 (1),wl.202110.ECE.49595.008.28586,Software Engineering Tools,wl.202110.ECE.49595.008.28586,496882-0,22,13,59.09090805,4.153846264,0.898717046,4,3,23.07692337,,Professors in Department,4.046481201,0.95131923
Fall 2020 16 Week 11/23-12/6 (1),wl.202110.ECE.49595.008.28586,Software Engineering Tools,wl.202110.ECE.49595.008.28586,496882-0,22,13,59.09090805,4.153846264,0.898717046,3,4,30.76922989,,Professors in Department,4.046481201,0.95131923
Spring 2021 16 Week 4/19-5/2 (1),wl.202120.ECE.59500.014.31216,Advanced Software Engineering,wl.202120.ECE.59500.014.31216,496882-0,17,12,70.58823395,4.583333492,0.792961478,5,9,75,,Professors in Department,4.046481201,0.95131923
Spring 2021 16 Week 4/19-5/2 (1),wl.202120.ECE.59500.014.31216,Advanced Software Engineering,wl.202120.ECE.59500.014.31216,496882-0,17,12,70.58823395,4.583333492,0.792961478,4,1,8.333333015,,Professors in Department,4.046481201,0.95131923
Spring 2021 16 Week 4/19-5/2 (1),wl.202120.ECE.59500.014.31216,Advanced Software Engineering,wl.202120.ECE.59500.014.31216,496882-0,17,12,70.58823395,4.583333492,0.792961478,3,2,16.66666603,,Professors in Department,4.046481201,0.95131923
Spring 2021 16 Week 4/19-5/2 (1),wl.202120.ECE.59500.EP7.31745,Advanced Software Engineering,wl.202120.ECE.59500.EP7.31745,496882-0,1,1,100,5,0,5,1,100,,Professors in Department,4.046481201,0.95131923
Spring 2021 16 Week 4/19-5/2 (1),wl.202120.ECE.59500.OLA.31445,Advanced Software Engineering,wl.202120.ECE.59500.OLA.31445,496882-0,6,6,100,4.833333492,0.408248305,5,5,83.33333588,,Professors in Department,4.046481201,0.95131923
Spring 2021 16 Week 4/19-5/2 (1),wl.202120.ECE.59500.OLA.31445,Advanced Software Engineering,wl.202120.ECE.59500.OLA.31445,496882-0,6,6,100,4.833333492,0.408248305,4,1,16.66666603,,Professors in Department,4.046481201,0.95131923
Spring 2021 16 Week 4/19-5/2 (1),wl.202120.ECE.59500.OX8.32295,Advanced Software Engineering,wl.202120.ECE.59500.OX8.32295,496882-0,10,4,40,5,0,5,4,100,,Professors in Department,4.046481201,0.95131923
Fall 2020 16 Week 11/23-12/6 (1),wl.202110.ECE.36800.001.17766,Data Structures,wl.202110.ECE.36800.001.17766,496883-0,99,43,43.43434525,4.465116501,0.735133171,5,26,60.46511459,,Professors in Department,4.045811518,0.935705604
Fall 2020 16 Week 11/23-12/6 (1),wl.202110.ECE.36800.001.17766,Data Structures,wl.202110.ECE.36800.001.17766,496883-0,99,43,43.43434525,4.465116501,0.735133171,4,11,25.5813961,,Professors in Department,4.045811518,0.935705604
Fall 2020 16 Week 11/23-12/6 (1),wl.202110.ECE.36800.001.17766,Data Structures,wl.202110.ECE.36800.001.17766,496883-0,99,43,43.43434525,4.465116501,0.735133171,3,6,13.95348835,,Professors in Department,4.045811518,0.935705604
Fall 2020 16 Week 11/23-12/6 (1),wl.202110.ECE.49595.002.28580,Software Engineering Tools,wl.202110.ECE.49595.002.28580,496883-0,5,3,60,4,1,5,1,33.33333206,,Professors in Department,4.045811518,0.935705604
Fall 2020 16 Week 11/23-12/6 (1),wl.202110.ECE.49595.002.28580,Software Engineering Tools,wl.202110.ECE.49595.002.28580,496883-0,5,3,60,4,1,4,1,33.33333206,,Professors in Department,4.045811518,0.935705604
Fall 2020 16 Week 11/23-12/6 (1),wl.202110.ECE.49595.002.28580,Software Engineering Tools,wl.202110.ECE.49595.002.28580,496883-0,5,3,60,4,1,3,1,33.33333206,,Professors in Department,4.045811518,0.935705604
Fall 2020 16 Week 11/23-12/6 (1),wl.202110.ECE.49595.004.28582,Software Engineering Tools,wl.202110.ECE.49595.004.28582,496883-0,3,3,100,4,1,5,1,33.33333206,,Professors in Department,4.045811518,0.935705604
Fall 2020 16 Week 11/23-12/6 (1),wl.202110.ECE.49595.004.28582,Software Engineering Tools,wl.202110.ECE.49595.004.28582,496883-0,3,3,100,4,1,4,1,33.33333206,,Professors in Department,4.045811518,0.935705604
Fall 2020 16 Week 11/23-12/6 (1),wl.202110.ECE.49595.004.28582,Software Engineering Tools,wl.202110.ECE.49595.004.28582,496883-0,3,3,100,4,1,3,1,33.33333206,,Professors in Department,4.045811518,0.935705604
Fall 2020 16 Week 11/23-12/6 (1),wl.202110.ECE.49595.006.28584,Software Engineering Tools,wl.202110.ECE.49595.006.28584,496883-0,7,5,71.42857361,4.400000095,0.89442718,5,3,60,,Professors in Department,4.045811518,0.935705604
Fall 2020 16 Week 11/23-12/6 (1),wl.202110.ECE.49595.006.28584,Software Engineering Tools,wl.202110.ECE.49595.006.28584,496883-0,7,5,71.42857361,4.400000095,0.89442718,4,1,20,,Professors in Department,4.045811518,0.935705604
Fall 2020 16 Week 11/23-12/6 (1),wl.202110.ECE.49595.006.28584,Software Engineering Tools,wl.202110.ECE.49595.006.28584,496883-0,7,5,71.42857361,4.400000095,0.89442718,3,1,20,,Professors in Department,4.045811518,0.935705604
Fall 2020 16 Week 11/23-12/6 (1),wl.202110.ECE.49595.007.28585,Software Engineering Tools,wl.202110.ECE.49595.007.28585,496883-0,7,2,28.5714283,3,0,3,2,100,,Professors in Department,4.045811518,0.935705604
Fall 2020 16 Week 11/23-12/6 (1),wl.202110.ECE.49595.008.28586,Software Engineering Tools,wl.202110.ECE.49595.008.28586,496883-0,22,13,59.09090805,4.076922894,0.862316489,5,5,38.46154022,,Professors in Department,4.045811518,0.935705604
Fall 2020 16 Week 11/23-12/6 (1),wl.202110.ECE.49595.008.28586,Software Engineering Tools,wl.202110.ECE.49595.008.28586,496883-0,22,13,59.09090805,4.076922894,0.862316489,4,4,30.76922989,,Professors in Department,4.045811518,0.935705604
Fall 2020 16 Week 11/23-12/6 (1),wl.202110.ECE.49595.008.28586,Software Engineering Tools,wl.202110.ECE.49595.008.28586,496883-0,22,13,59.09090805,4.076922894,0.862316489,3,4,30.76922989,,Professors in Department,4.045811518,0.935705604
Spring 2021 16 Week 4/19-5/2 (1),wl.202120.ECE.59500.014.31216,Advanced Software Engineering,wl.202120.ECE.59500.014.31216,496883-0,17,12,70.58823395,4.333333492,0.984731913,5,7,58.33333206,,Professors in Department,4.045811518,0.935705604
Spring 2021 16 Week 4/19-5/2 (1),wl.202120.ECE.59500.014.31216,Advanced Software Engineering,wl.202120.ECE.59500.014.31216,496883-0,17,12,70.58823395,4.333333492,0.984731913,4,3,25,,Professors in Department,4.045811518,0.935705604
Spring 2021 16 Week 4/19-5/2 (1),wl.202120.ECE.59500.014.31216,Advanced Software Engineering,wl.202120.ECE.59500.014.31216,496883-0,17,12,70.58823395,4.333333492,0.984731913,3,1,8.333333015,,Professors in Department,4.045811518,0.935705604
Spring 2021 16 Week 4/19-5/2 (1),wl.202120.ECE.59500.014.31216,Advanced Software Engineering,wl.202120.ECE.59500.014.31216,496883-0,17,12,70.58823395,4.333333492,0.984731913,2,1,8.333333015,,Professors in Department,4.045811518,0.935705604
Spring 2021 16 Week 4/19-5/2 (1),wl.202120.ECE.59500.EP7.31745,Advanced Software Engineering,wl.202120.ECE.59500.EP7.31745,496883-0,1,1,100,5,0,5,1,100,,Professors in Department,4.045811518,0.935705604
Spring 2021 16 Week 4/19-5/2 (1),wl.202120.ECE.59500.OLA.31445,Advanced Software Engineering,wl.202120.ECE.59500.OLA.31445,496883-0,6,6,100,4.666666508,0.516397774,5,4,66.66666412,,Professors in Department,4.045811518,0.935705604
Spring 2021 16 Week 4/19-5/2 (1),wl.202120.ECE.59500.OLA.31445,Advanced Software Engineering,wl.202120.ECE.59500.OLA.31445,496883-0,6,6,100,4.666666508,0.516397774,4,2,33.33333206,,Professors in Department,4.045811518,0.935705604
Spring 2021 16 Week 4/19-5/2 (1),wl.202120.ECE.59500.OX8.32295,Advanced Software Engineering,wl.202120.ECE.59500.OX8.32295,496883-0,10,4,40,5,0,5,4,100,,Professors in Department,4.045811518,0.935705604
Spring 2022 Core -3 & -4 16 Week 4/18-5/1 Co-admin,wl.202220.ECE.59500.029.29313,Advance Software Engineering,wl.202220.ECE.59500.029.29313,657523-0,27,18,66.66666412,4.722222328,0.460888594,4,5,27.77777863,,Professors in Department,4.674418605,0.521943722
Spring 2022 Core -3 & -4 16 Week 4/18-5/1 Co-admin,wl.202220.ECE.59500.029.29313,Advance Software Engineering,wl.202220.ECE.59500.029.29313,657523-0,27,18,66.66666412,4.722222328,0.460888594,5,13,72.22222137,,Professors in Department,4.674418605,0.521943722
Spring 2022 Core -3 & -4 16 Week 4/18-5/1 Co-admin,wl.202220.ECE.59500.EP4.29891,Advance Software Engineering,wl.202220.ECE.59500.EP4.29891,657523-0,12,4,33.33333206,4.25,0.5,4,3,75,,Professors in Department,4.674418605,0.521943722
Spring 2022 Core -3 & -4 16 Week 4/18-5/1 Co-admin,wl.202220.ECE.59500.EP4.29891,Advance Software Engineering,wl.202220.ECE.59500.EP4.29891,657523-0,12,4,33.33333206,4.25,0.5,5,1,25,,Professors in Department,4.674418605,0.521943722
Spring 2022 Core -3 & -4 16 Week 4/18-5/1 Co-admin,wl.202220.ECE.59500.ON4.29890,Advance Software Engineering,wl.202220.ECE.59500.ON4.29890,657523-0,4,2,50,5,0,5,2,100,,Professors in Department,4.674418605,0.521943722
Spring 2022 Core -3 & -4 16 Week 4/18-5/1 Co-admin,wl.202220.ECE.59500.029.29313,Advance Software Engineering,wl.202220.ECE.59500.029.29313,657534-0,27,18,66.66666412,4.833333492,0.383482486,4,3,16.66666603,,Professors in Department,4.744186047,0.492468189
Spring 2022 Core -3 & -4 16 Week 4/18-5/1 Co-admin,wl.202220.ECE.59500.029.29313,Advance Software Engineering,wl.202220.ECE.59500.029.29313,657534-0,27,18,66.66666412,4.833333492,0.383482486,5,15,83.33333588,,Professors in Department,4.744186047,0.492468189
Spring 2022 Core -3 & -4 16 Week 4/18-5/1 Co-admin,wl.202220.ECE.59500.EP4.29891,Advance Software Engineering,wl.202220.ECE.59500.EP4.29891,657534-0,12,4,33.33333206,4.5,0.577350259,4,2,50,,Professors in Department,4.744186047,0.492468189
Spring 2022 Core -3 & -4 16 Week 4/18-5/1 Co-admin,wl.202220.ECE.59500.EP4.29891,Advance Software Engineering,wl.202220.ECE.59500.EP4.29891,657534-0,12,4,33.33333206,4.5,0.577350259,5,2,50,,Professors in Department,4.744186047,0.492468189
Spring 2022 Core -3 & -4 16 Week 4/18-5/1 Co-admin,wl.202220.ECE.59500.ON4.29890,Advance Software Engineering,wl.202220.ECE.59500.ON4.29890,657534-0,4,2,50,5,0,5,2,100,,Professors in Department,4.744186047,0.492468189
Spring 2022 Core -3 & -4 16 Week 4/18-5/1 Co-admin,wl.202220.ECE.59500.029.29313,Advance Software Engineering,wl.202220.ECE.59500.029.29313,657535-0,27,18,66.66666412,4.833333492,0.51449573,3,1,5.555555344,,Professors in Department,4.744186047,0.581173823
Spring 2022 Core -3 & -4 16 Week 4/18-5/1 Co-admin,wl.202220.ECE.59500.029.29313,Advance Software Engineering,wl.202220.ECE.59500.029.29313,657535-0,27,18,66.66666412,4.833333492,0.51449573,4,1,5.555555344,,Professors in Department,4.744186047,0.581173823
Spring 2022 Core -3 & -4 16 Week 4/18-5/1 Co-admin,wl.202220.ECE.59500.029.29313,Advance Software Engineering,wl.202220.ECE.59500.029.29313,657535-0,27,18,66.66666412,4.833333492,0.51449573,5,16,88.8888855,,Professors in Department,4.744186047,0.581173823
Spring 2022 Core -3 & -4 16 Week 4/18-5/1 Co-admin,wl.202220.ECE.59500.EP4.29891,Advance Software Engineering,wl.202220.ECE.59500.EP4.29891,657535-0,12,4,33.33333206,4.75,0.5,4,1,25,,Professors in Department,4.744186047,0.581173823
Spring 2022 Core -3 & -4 16 Week 4/18-5/1 Co-admin,wl.202220.ECE.59500.EP4.29891,Advance Software Engineering,wl.202220.ECE.59500.EP4.29891,657535-0,12,4,33.33333206,4.75,0.5,5,3,75,,Professors in Department,4.744186047,0.581173823
Spring 2022 Core -3 & -4 16 Week 4/18-5/1 Co-admin,wl.202220.ECE.59500.ON4.29890,Advance Software Engineering,wl.202220.ECE.59500.ON4.29890,657535-0,4,2,50,4,1.414213538,3,1,50,,Professors in Department,4.744186047,0.581173823
Spring 2022 Core -3 & -4 16 Week 4/18-5/1 Co-admin,wl.202220.ECE.59500.ON4.29890,Advance Software Engineering,wl.202220.ECE.59500.ON4.29890,657535-0,4,2,50,4,1.414213538,5,1,50,,Professors in Department,4.744186047,0.581173823
Spring 2022 Core -3 & -4 16 Week 4/18-5/1 Co-admin,wl.202220.ECE.59500.029.29313,Advance Software Engineering,wl.202220.ECE.59500.029.29313,657536-0,27,18,66.66666412,4.944444656,0.235702261,4,1,5.555555344,,Professors in Department,4.837209302,0.373543684
Spring 2022 Core -3 & -4 16 Week 4/18-5/1 Co-admin,wl.202220.ECE.59500.029.29313,Advance Software Engineering,wl.202220.ECE.59500.029.29313,657536-0,27,18,66.66666412,4.944444656,0.235702261,5,17,94.44444275,,Professors in Department,4.837209302,0.373543684
Spring 2022 Core -3 & -4 16 Week 4/18-5/1 Co-admin,wl.202220.ECE.59500.EP4.29891,Advance Software Engineering,wl.202220.ECE.59500.EP4.29891,657536-0,12,4,33.33333206,4.75,0.5,4,1,25,,Professors in Department,4.837209302,0.373543684
Spring 2022 Core -3 & -4 16 Week 4/18-5/1 Co-admin,wl.202220.ECE.59500.EP4.29891,Advance Software Engineering,wl.202220.ECE.59500.EP4.29891,657536-0,12,4,33.33333206,4.75,0.5,5,3,75,,Professors in Department,4.837209302,0.373543684
Spring 2022 Core -3 & -4 16 Week 4/18-5/1 Co-admin,wl.202220.ECE.59500.ON4.29890,Advance Software Engineering,wl.202220.ECE.59500.ON4.29890,657536-0,4,2,50,4.5,0.707106769,4,1,50,,Professors in Department,4.837209302,0.373543684
Spring 2022 Core -3 & -4 16 Week 4/18-5/1 Co-admin,wl.202220.ECE.59500.ON4.29890,Advance Software Engineering,wl.202220.ECE.59500.ON4.29890,657536-0,4,2,50,4.5,0.707106769,5,1,50,,Professors in Department,4.837209302,0.373543684
Spring 2022 Core -3 & -4 16 Week 4/18-5/1 Co-admin,wl.202220.ECE.59500.029.29313,Advance Software Engineering,wl.202220.ECE.59500.029.29313,657537-0,27,18,66.66666412,4.888888836,0.323380828,4,2,11.11111069,,Professors in Department,4.790697674,0.514464101
Spring 2022 Core -3 & -4 16 Week 4/18-5/1 Co-admin,wl.202220.ECE.59500.029.29313,Advance Software Engineering,wl.202220.ECE.59500.029.29313,657537-0,27,18,66.66666412,4.888888836,0.323380828,5,16,88.8888855,,Professors in Department,4.790697674,0.514464101
Spring 2022 Core -3 & -4 16 Week 4/18-5/1 Co-admin,wl.202220.ECE.59500.EP4.29891,Advance Software Engineering,wl.202220.ECE.59500.EP4.29891,657537-0,12,4,33.33333206,4.75,0.5,4,1,25,,Professors in Department,4.790697674,0.514464101
Spring 2022 Core -3 & -4 16 Week 4/18-5/1 Co-admin,wl.202220.ECE.59500.EP4.29891,Advance Software Engineering,wl.202220.ECE.59500.EP4.29891,657537-0,12,4,33.33333206,4.75,0.5,5,3,75,,Professors in Department,4.790697674,0.514464101
Spring 2022 Core -3 & -4 16 Week 4/18-5/1 Co-admin,wl.202220.ECE.59500.ON4.29890,Advance Software Engineering,wl.202220.ECE.59500.ON4.29890,657537-0,4,2,50,5,0,5,2,100,,Professors in Department,4.790697674,0.514464101
Spring 2022 Core -3 & -4 16 Week 4/18-5/1 Co-admin,wl.202220.ECE.59500.029.29313,Advance Software Engineering,wl.202220.ECE.59500.029.29313,657538-0,27,18,66.66666412,4.888888836,0.323380828,4,2,11.11111069,,Professors in Department,4.860465116,0.350604604
Spring 2022 Core -3 & -4 16 Week 4/18-5/1 Co-admin,wl.202220.ECE.59500.029.29313,Advance Software Engineering,wl.202220.ECE.59500.029.29313,657538-0,27,18,66.66666412,4.888888836,0.323380828,5,16,88.8888855,,Professors in Department,4.860465116,0.350604604
Spring 2022 Core -3 & -4 16 Week 4/18-5/1 Co-admin,wl.202220.ECE.59500.EP4.29891,Advance Software Engineering,wl.202220.ECE.59500.EP4.29891,657538-0,12,4,33.33333206,4.75,0.5,4,1,25,,Professors in Department,4.860465116,0.350604604
Spring 2022 Core -3 & -4 16 Week 4/18-5/1 Co-admin,wl.202220.ECE.59500.EP4.29891,Advance Software Engineering,wl.202220.ECE.59500.EP4.29891,657538-0,12,4,33.33333206,4.75,0.5,5,3,75,,Professors in Department,4.860465116,0.350604604
Spring 2022 Core -3 & -4 16 Week 4/18-5/1 Co-admin,wl.202220.ECE.59500.ON4.29890,Advance Software Engineering,wl.202220.ECE.59500.ON4.29890,657538-0,4,2,50,5,0,5,2,100,,Professors in Department,4.860465116,0.350604604
Spring 2022 Core -3 & -4 16 Week 4/18-5/1 Co-admin,wl.202220.ECE.59500.029.29313,Advance Software Engineering,wl.202220.ECE.59500.029.29313,657539-0,27,18,66.66666412,4.944444656,0.235702261,4,1,5.555555344,,Professors in Department,4.837209302,0.373543684
Spring 2022 Core -3 & -4 16 Week 4/18-5/1 Co-admin,wl.202220.ECE.59500.029.29313,Advance Software Engineering,wl.202220.ECE.59500.029.29313,657539-0,27,18,66.66666412,4.944444656,0.235702261,5,17,94.44444275,,Professors in Department,4.837209302,0.373543684
Spring 2022 Core -3 & -4 16 Week 4/18-5/1 Co-admin,wl.202220.ECE.59500.EP4.29891,Advance Software Engineering,wl.202220.ECE.59500.EP4.29891,657539-0,12,4,33.33333206,4.5,0.577350259,4,2,50,,Professors in Department,4.837209302,0.373543684
Spring 2022 Core -3 & -4 16 Week 4/18-5/1 Co-admin,wl.202220.ECE.59500.EP4.29891,Advance Software Engineering,wl.202220.ECE.59500.EP4.29891,657539-0,12,4,33.33333206,4.5,0.577350259,5,2,50,,Professors in Department,4.837209302,0.373543684
Spring 2022 Core -3 & -4 16 Week 4/18-5/1 Co-admin,wl.202220.ECE.59500.ON4.29890,Advance Software Engineering,wl.202220.ECE.59500.ON4.29890,657539-0,4,2,50,4.5,0.707106769,4,1,50,,Professors in Department,4.837209302,0.373543684
Spring 2022 Core -3 & -4 16 Week 4/18-5/1 Co-admin,wl.202220.ECE.59500.ON4.29890,Advance Software Engineering,wl.202220.ECE.59500.ON4.29890,657539-0,4,2,50,4.5,0.707106769,5,1,50,,Professors in Department,4.837209302,0.373543684
Fall 2023 16 Week 11/27-12/10,wl.202410.ECE.69900.088.50065,Research PhD Thesis,wl.202410.ECE.69900.088.50065,737241-0,4,1,25,5,0,5,1,100,,Professors in Department,3.922339028,1.051262148
Fall 2023 Core -4 16 Week 11/27-12/10,wl.202410.ECE.46100.001.18613,Software Engineering,wl.202410.ECE.46100.001.18613,737241-0,72,26,36.11111069,3.807692289,0.980580688,2,3,11.53846169,,Professors in Department,3.922339028,1.051262148
Fall 2023 Core -4 16 Week 11/27-12/10,wl.202410.ECE.46100.001.18613,Software Engineering,wl.202410.ECE.46100.001.18613,737241-0,72,26,36.11111069,3.807692289,0.980580688,3,6,23.07692337,,Professors in Department,3.922339028,1.051262148
Fall 2023 Core -4 16 Week 11/27-12/10,wl.202410.ECE.46100.001.18613,Software Engineering,wl.202410.ECE.46100.001.18613,737241-0,72,26,36.11111069,3.807692289,0.980580688,4,10,38.46154022,,Professors in Department,3.922339028,1.051262148
Fall 2023 Core -4 16 Week 11/27-12/10,wl.202410.ECE.46100.001.18613,Software Engineering,wl.202410.ECE.46100.001.18613,737241-0,72,26,36.11111069,3.807692289,0.980580688,5,7,26.92307663,,Professors in Department,3.922339028,1.051262148
Fall 2023 Core -4 16 Week 11/27-12/10,wl.202410.VIP.17920.023.11485,First Year Part In VIP,wl.202410.VIP.17920.023.11485,737241-0,1,1,100,5,0,5,1,100,,Professors in Department,3.922339028,1.051262148
Fall 2023 Core -4 16 Week 11/27-12/10,wl.202410.VIP.27920.023.11487,Soph Part In VIP,wl.202410.VIP.27920.023.11487,737241-0,7,5,71.42857361,4.800000191,0.44721359,4,1,20,,Professors in Department,3.922339028,1.051262148
Fall 2023 Core -4 16 Week 11/27-12/10,wl.202410.VIP.27920.023.11487,Soph Part In VIP,wl.202410.VIP.27920.023.11487,737241-0,7,5,71.42857361,4.800000191,0.44721359,5,4,80,,Professors in Department,3.922339028,1.051262148
Fall 2023 Core -4 16 Week 11/27-12/10,wl.202410.VIP.37920.023.11525,Junior Part In VIP,wl.202410.VIP.37920.023.11525,737241-0,3,3,100,4.333333492,0.577350259,4,2,66.66666412,,Professors in Department,3.922339028,1.051262148
Fall 2023 Core -4 16 Week 11/27-12/10,wl.202410.VIP.37920.023.11525,Junior Part In VIP,wl.202410.VIP.37920.023.11525,737241-0,3,3,100,4.333333492,0.577350259,5,1,33.33333206,,Professors in Department,3.922339028,1.051262148
Fall 2023 Core -4 16 Week 11/27-12/10,wl.202410.VIP.47920.023.10351,Senior Part In VIP,wl.202410.VIP.47920.023.10351,737241-0,1,1,100,5,0,5,1,100,,Professors in Department,3.922339028,1.051262148
Fall 2023 Core -4 16 Week 11/27-12/10,wl.202410.VIP.47921.023.11526,Senior Design Part In VIP I,wl.202410.VIP.47921.023.11526,737241-0,3,3,100,4.333333492,1.154700518,3,1,33.33333206,,Professors in Department,3.922339028,1.051262148
Fall 2023 Core -4 16 Week 11/27-12/10,wl.202410.VIP.47921.023.11526,Senior Design Part In VIP I,wl.202410.VIP.47921.023.11526,737241-0,3,3,100,4.333333492,1.154700518,5,2,66.66666412,,Professors in Department,3.922339028,1.051262148
Fall 2023 Core -4 16 Week 11/27-12/10,wl.202410.VIP.47922.023.11512,Senior Design Part In VIP II,wl.202410.VIP.47922.023.11512,737241-0,1,1,100,5,0,5,1,100,,Professors in Department,3.922339028,1.051262148
Fall 2024 16 Week 11/25-12/8 (1),PWL.202510.ECE.46100.001.18613,Software Engineering,wl.202510.ECE.46100.001.18613,737241-0,130,55,42.30769348,3.799999952,1.078407645,1,2,3.636363745,,Professors in Department,3.922339028,1.051262148
Fall 2024 16 Week 11/25-12/8 (1),PWL.202510.ECE.46100.001.18613,Software Engineering,wl.202510.ECE.46100.001.18613,737241-0,130,55,42.30769348,3.799999952,1.078407645,2,6,10.909091,,Professors in Department,3.922339028,1.051262148
Fall 2024 16 Week 11/25-12/8 (1),PWL.202510.ECE.46100.001.18613,Software Engineering,wl.202510.ECE.46100.001.18613,737241-0,130,55,42.30769348,3.799999952,1.078407645,3,8,14.54545498,,Professors in Department,3.922339028,1.051262148
Fall 2024 16 Week 11/25-12/8 (1),PWL.202510.ECE.46100.001.18613,Software Engineering,wl.202510.ECE.46100.001.18613,737241-0,130,55,42.30769348,3.799999952,1.078407645,4,24,43.63636398,,Professors in Department,3.922339028,1.051262148
Fall 2024 16 Week 11/25-12/8 (1),PWL.202510.ECE.46100.001.18613,Software Engineering,wl.202510.ECE.46100.001.18613,737241-0,130,55,42.30769348,3.799999952,1.078407645,5,15,27.27272797,,Professors in Department,3.922339028,1.051262148
Fall 2024 Core -4 16 Week 11/25-12/8,PWL.202510.VIP.47920.023.10351,Senior Part In VIP,wl.202510.VIP.47920.023.10351,737241-0,18,17,94.44444275,4.294117451,0.685994327,3,2,11.76470566,,Professors in Department,3.922339028,1.051262148
Fall 2024 Core -4 16 Week 11/25-12/8,PWL.202510.VIP.47920.023.10351,Senior Part In VIP,wl.202510.VIP.47920.023.10351,737241-0,18,17,94.44444275,4.294117451,0.685994327,4,8,47.05882263,,Professors in Department,3.922339028,1.051262148
Fall 2024 Core -4 16 Week 11/25-12/8,PWL.202510.VIP.47920.023.10351,Senior Part In VIP,wl.202510.VIP.47920.023.10351,737241-0,18,17,94.44444275,4.294117451,0.685994327,5,7,41.17647171,,Professors in Department,3.922339028,1.051262148
Fall 2025 Core -4 16 Week 12/1-12/14 (1),PWL.202610.ECE.30861.001.28647,Software Engineering,wl.202610.ECE.30861.001.28647,737241-0,121,43,35.53718948,3.604651213,1.44978714,1,5,11.6279068,,Professors in Department,3.922339028,1.051262148
Fall 2025 Core -4 16 Week 12/1-12/14 (1),PWL.202610.ECE.30861.001.28647,Software Engineering,wl.202610.ECE.30861.001.28647,737241-0,121,43,35.53718948,3.604651213,1.44978714,2,7,16.2790699,,Professors in Department,3.922339028,1.051262148
Fall 2025 Core -4 16 Week 12/1-12/14 (1),PWL.202610.ECE.30861.001.28647,Software Engineering,wl.202610.ECE.30861.001.28647,737241-0,121,43,35.53718948,3.604651213,1.44978714,3,5,11.6279068,,Professors in Department,3.922339028,1.051262148
Fall 2025 Core -4 16 Week 12/1-12/14 (1),PWL.202610.ECE.30861.001.28647,Software Engineering,wl.202610.ECE.30861.001.28647,737241-0,121,43,35.53718948,3.604651213,1.44978714,4,9,20.930233,,Professors in Department,3.922339028,1.051262148
Fall 2025 Core -4 16 Week 12/1-12/14 (1),PWL.202610.ECE.30861.001.28647,Software Engineering,wl.202610.ECE.30861.001.28647,737241-0,121,43,35.53718948,3.604651213,1.44978714,5,17,39.53488541,,Professors in Department,3.922339028,1.051262148
Fall 2025 Core -4 16 Week 12/1-12/14 (1),PWL.202610.VIP.17911.028.13564,First Year Part In VIP I,wl.202610.VIP.17911.028.13564,737241-0,2,2,100,4.5,0.707106769,4,1,50,,Professors in Department,3.922339028,1.051262148
Fall 2025 Core -4 16 Week 12/1-12/14 (1),PWL.202610.VIP.17911.028.13564,First Year Part In VIP I,wl.202610.VIP.17911.028.13564,737241-0,2,2,100,4.5,0.707106769,5,1,50,,Professors in Department,3.922339028,1.051262148
Fall 2025 Core -4 16 Week 12/1-12/14 (1),PWL.202610.VIP.47920.028.10446,Senior Part In VIP,wl.202610.VIP.47920.028.10446,737241-0,14,13,92.85713959,4.769230843,0.438529015,4,3,23.07692337,,Professors in Department,3.922339028,1.051262148
Fall 2025 Core -4 16 Week 12/1-12/14 (1),PWL.202610.VIP.47920.028.10446,Senior Part In VIP,wl.202610.VIP.47920.028.10446,737241-0,14,13,92.85713959,4.769230843,0.438529015,5,10,76.92308044,,Professors in Department,3.922339028,1.051262148
Spring 2023 Core 10 16 Week 4/17-4/30 Co-admin,wl.202320.ECE.46100.001.19730,Software Engineering,wl.202320.ECE.46100.001.19730,737241-0,143,70,48.9510498,3.700000048,1.120946765,1,3,4.285714149,,Professors in Department,3.922339028,1.051262148
Spring 2023 Core 10 16 Week 4/17-4/30 Co-admin,wl.202320.ECE.46100.001.19730,Software Engineering,wl.202320.ECE.46100.001.19730,737241-0,143,70,48.9510498,3.700000048,1.120946765,2,8,11.4285717,,Professors in Department,3.922339028,1.051262148
Spring 2023 Core 10 16 Week 4/17-4/30 Co-admin,wl.202320.ECE.46100.001.19730,Software Engineering,wl.202320.ECE.46100.001.19730,737241-0,143,70,48.9510498,3.700000048,1.120946765,3,15,21.4285717,,Professors in Department,3.922339028,1.051262148
Spring 2023 Core 10 16 Week 4/17-4/30 Co-admin,wl.202320.ECE.46100.001.19730,Software Engineering,wl.202320.ECE.46100.001.19730,737241-0,143,70,48.9510498,3.700000048,1.120946765,4,25,35.7142868,,Professors in Department,3.922339028,1.051262148
Spring 2023 Core 10 16 Week 4/17-4/30 Co-admin,wl.202320.ECE.46100.001.19730,Software Engineering,wl.202320.ECE.46100.001.19730,737241-0,143,70,48.9510498,3.700000048,1.120946765,5,19,27.1428566,,Professors in Department,3.922339028,1.051262148
Spring 2023 Core -4 16 Week 4/17-4/30,wl.202320.VIP.17920.023.22402,First Year Part In VIP,wl.202320.VIP.17920.023.22402,737241-0,15,12,80,3.833333254,0.834847093,2,1,8.333333015,,Professors in Department,3.922339028,1.051262148
Spring 2023 Core -4 16 Week 4/17-4/30,wl.202320.VIP.17920.023.22402,First Year Part In VIP,wl.202320.VIP.17920.023.22402,737241-0,15,12,80,3.833333254,0.834847093,3,2,16.66666603,,Professors in Department,3.922339028,1.051262148
Spring 2023 Core -4 16 Week 4/17-4/30,wl.202320.VIP.17920.023.22402,First Year Part In VIP,wl.202320.VIP.17920.023.22402,737241-0,15,12,80,3.833333254,0.834847093,4,7,58.33333206,,Professors in Department,3.922339028,1.051262148
Spring 2023 Core -4 16 Week 4/17-4/30,wl.202320.VIP.17920.023.22402,First Year Part In VIP,wl.202320.VIP.17920.023.22402,737241-0,15,12,80,3.833333254,0.834847093,5,2,16.66666603,,Professors in Department,3.922339028,1.051262148
Spring 2024 16 Week 4/15-4/28 (1),wl.202420.ECE.69900.032.61441,Research PhD Thesis,wl.202420.ECE.69900.032.61441,737241-0,4,1,25,5,0,5,1,100,,Professors in Department,3.922339028,1.051262148
Spring 2024 Core -4 16 Week 4/15-4/28,wl.202420.ECE.59500.043.22205,Advanced Software Engineering,wl.202420.ECE.59500.043.22205,737241-0,27,15,55.55555725,4.266666889,0.703731537,3,2,13.33333302,,Professors in Department,3.922339028,1.051262148
Spring 2024 Core -4 16 Week 4/15-4/28,wl.202420.ECE.59500.043.22205,Advanced Software Engineering,wl.202420.ECE.59500.043.22205,737241-0,27,15,55.55555725,4.266666889,0.703731537,4,7,46.66666794,,Professors in Department,3.922339028,1.051262148
Spring 2024 Core -4 16 Week 4/15-4/28,wl.202420.ECE.59500.043.22205,Advanced Software Engineering,wl.202420.ECE.59500.043.22205,737241-0,27,15,55.55555725,4.266666889,0.703731537,5,6,40,,Professors in Department,3.922339028,1.051262148
Spring 2024 Core -4 16 Week 4/15-4/28,wl.202420.VIP.17920.023.22402,First Year Part In VIP,wl.202420.VIP.17920.023.22402,737241-0,14,13,92.85713959,4.153846264,0.898717046,3,4,30.76922989,,Professors in Department,3.922339028,1.051262148
Spring 2024 Core -4 16 Week 4/15-4/28,wl.202420.VIP.17920.023.22402,First Year Part In VIP,wl.202420.VIP.17920.023.22402,737241-0,14,13,92.85713959,4.153846264,0.898717046,4,3,23.07692337,,Professors in Department,3.922339028,1.051262148
Spring 2024 Core -4 16 Week 4/15-4/28,wl.202420.VIP.17920.023.22402,First Year Part In VIP,wl.202420.VIP.17920.023.22402,737241-0,14,13,92.85713959,4.153846264,0.898717046,5,6,46.15384674,,Professors in Department,3.922339028,1.051262148
Spring 2025 Core -4 16 Week 4/21-5/4,PWL.202520.VIP.17910.023.29155,First-Year Part In VIP Lim,wl.202520.VIP.17910.023.29155,737241-0,3,2,66.66666412,4.5,0.707106769,4,1,50,,Professors in Department,3.922339028,1.051262148
Spring 2025 Core -4 16 Week 4/21-5/4,PWL.202520.VIP.17910.023.29155,First-Year Part In VIP Lim,wl.202520.VIP.17910.023.29155,737241-0,3,2,66.66666412,4.5,0.707106769,5,1,50,,Professors in Department,3.922339028,1.051262148
Spring 2025 Core -4 16 Week 4/21-5/4,PWL.202520.VIP.27920.023.22404,Soph Part In VIP,wl.202520.VIP.27920.023.22404,737241-0,14,8,57.1428566,4.125,0.353553385,4,7,87.5,,Professors in Department,3.922339028,1.051262148
Spring 2025 Core -4 16 Week 4/21-5/4,PWL.202520.VIP.27920.023.22404,Soph Part In VIP,wl.202520.VIP.27920.023.22404,737241-0,14,8,57.1428566,4.125,0.353553385,5,1,12.5,,Professors in Department,3.922339028,1.051262148
Spring 2025 Core -4 16 Week 4/21-5/4,PWL.202520.VIP.47921.023.28751,Senior Design Part In VIP I,wl.202520.VIP.47921.023.28751,737241-0,9,7,77.77777863,4.285714149,1.112697244,2,1,14.28571415,,Professors in Department,3.922339028,1.051262148
Spring 2025 Core -4 16 Week 4/21-5/4,PWL.202520.VIP.47921.023.28751,Senior Design Part In VIP I,wl.202520.VIP.47921.023.28751,737241-0,9,7,77.77777863,4.285714149,1.112697244,4,2,28.5714283,,Professors in Department,3.922339028,1.051262148
Spring 2025 Core -4 16 Week 4/21-5/4,PWL.202520.VIP.47921.023.28751,Senior Design Part In VIP I,wl.202520.VIP.47921.023.28751,737241-0,9,7,77.77777863,4.285714149,1.112697244,5,4,57.1428566,,Professors in Department,3.922339028,1.051262148
Spring 2026 Core -4 16 Week 4/20-5/3,CEC.202620.ECE.50874.EPE.40360,Advanced Software Engineering,wl.202620.ECE.50874.EPE.40360,737241-0,25,8,32,2.875,1.72688818,1,3,37.5,,Professors in Department,3.922339028,1.051262148
Spring 2026 Core -4 16 Week 4/20-5/3,CEC.202620.ECE.50874.EPE.40360,Advanced Software Engineering,wl.202620.ECE.50874.EPE.40360,737241-0,25,8,32,2.875,1.72688818,3,2,25,,Professors in Department,3.922339028,1.051262148
Spring 2026 Core -4 16 Week 4/20-5/3,CEC.202620.ECE.50874.EPE.40360,Advanced Software Engineering,wl.202620.ECE.50874.EPE.40360,737241-0,25,8,32,2.875,1.72688818,4,1,12.5,,Professors in Department,3.922339028,1.051262148
Spring 2026 Core -4 16 Week 4/20-5/3,CEC.202620.ECE.50874.EPE.40360,Advanced Software Engineering,wl.202620.ECE.50874.EPE.40360,737241-0,25,8,32,2.875,1.72688818,5,2,25,,Professors in Department,3.922339028,1.051262148
Spring 2026 Core -4 16 Week 4/20-5/3,PWL.202620.ECE.50874.001.36075,Advanced Software Engineering,wl.202620.ECE.50874.001.36075,737241-0,24,10,41.66666794,4.300000191,0.948683321,2,1,10,,Professors in Department,3.922339028,1.051262148
Spring 2026 Core -4 16 Week 4/20-5/3,PWL.202620.ECE.50874.001.36075,Advanced Software Engineering,wl.202620.ECE.50874.001.36075,737241-0,24,10,41.66666794,4.300000191,0.948683321,4,4,40,,Professors in Department,3.922339028,1.051262148
Spring 2026 Core -4 16 Week 4/20-5/3,PWL.202620.ECE.50874.001.36075,Advanced Software Engineering,wl.202620.ECE.50874.001.36075,737241-0,24,10,41.66666794,4.300000191,0.948683321,5,5,50,,Professors in Department,3.922339028,1.051262148
Spring 2026 Core -4 16 Week 4/20-5/3,PWL.202620.ECE.50874.002.36076,Advanced Software Engineering,wl.202620.ECE.50874.002.36076,737241-0,5,2,40,2,0,2,2,100,,Professors in Department,3.922339028,1.051262148
Spring 2026 Core -4 16 Week 4/20-5/3,PWL.202620.VIP.27920.028.22031,Soph Part In VIP,wl.202620.VIP.27920.028.22031,737241-0,21,17,80.95237732,4.411764622,0.795206249,2,1,5.882352829,,Professors in Department,3.922339028,1.051262148
Spring 2026 Core -4 16 Week 4/20-5/3,PWL.202620.VIP.27920.028.22031,Soph Part In VIP,wl.202620.VIP.27920.028.22031,737241-0,21,17,80.95237732,4.411764622,0.795206249,4,7,41.17647171,,Professors in Department,3.922339028,1.051262148
Spring 2026 Core -4 16 Week 4/20-5/3,PWL.202620.VIP.27920.028.22031,Soph Part In VIP,wl.202620.VIP.27920.028.22031,737241-0,21,17,80.95237732,4.411764622,0.795206249,5,9,52.94117737,,Professors in Department,3.922339028,1.051262148
Fall 2023 16 Week 11/27-12/10,wl.202410.ECE.69900.088.50065,Research PhD Thesis,wl.202410.ECE.69900.088.50065,737242-0,4,1,25,5,0,5,1,100,,Professors in Department,4.026281209,0.976174563
Fall 2023 Core -4 16 Week 11/27-12/10,wl.202410.ECE.46100.001.18613,Software Engineering,wl.202410.ECE.46100.001.18613,737242-0,72,26,36.11111069,4,0.800000012,2,1,3.846153736,,Professors in Department,4.026281209,0.976174563
Fall 2023 Core -4 16 Week 11/27-12/10,wl.202410.ECE.46100.001.18613,Software Engineering,wl.202410.ECE.46100.001.18613,737242-0,72,26,36.11111069,4,0.800000012,3,5,19.23077011,,Professors in Department,4.026281209,0.976174563
Fall 2023 Core -4 16 Week 11/27-12/10,wl.202410.ECE.46100.001.18613,Software Engineering,wl.202410.ECE.46100.001.18613,737242-0,72,26,36.11111069,4,0.800000012,4,13,50,,Professors in Department,4.026281209,0.976174563
Fall 2023 Core -4 16 Week 11/27-12/10,wl.202410.ECE.46100.001.18613,Software Engineering,wl.202410.ECE.46100.001.18613,737242-0,72,26,36.11111069,4,0.800000012,5,7,26.92307663,,Professors in Department,4.026281209,0.976174563
Fall 2023 Core -4 16 Week 11/27-12/10,wl.202410.VIP.17920.023.11485,First Year Part In VIP,wl.202410.VIP.17920.023.11485,737242-0,1,1,100,5,0,5,1,100,,Professors in Department,4.026281209,0.976174563
Fall 2023 Core -4 16 Week 11/27-12/10,wl.202410.VIP.27920.023.11487,Soph Part In VIP,wl.202410.VIP.27920.023.11487,737242-0,7,5,71.42857361,4.800000191,0.44721359,4,1,20,,Professors in Department,4.026281209,0.976174563
Fall 2023 Core -4 16 Week 11/27-12/10,wl.202410.VIP.27920.023.11487,Soph Part In VIP,wl.202410.VIP.27920.023.11487,737242-0,7,5,71.42857361,4.800000191,0.44721359,5,4,80,,Professors in Department,4.026281209,0.976174563
Fall 2023 Core -4 16 Week 11/27-12/10,wl.202410.VIP.37920.023.11525,Junior Part In VIP,wl.202410.VIP.37920.023.11525,737242-0,3,3,100,5,0,5,3,100,,Professors in Department,4.026281209,0.976174563
Fall 2023 Core -4 16 Week 11/27-12/10,wl.202410.VIP.47920.023.10351,Senior Part In VIP,wl.202410.VIP.47920.023.10351,737242-0,1,1,100,5,0,5,1,100,,Professors in Department,4.026281209,0.976174563
Fall 2023 Core -4 16 Week 11/27-12/10,wl.202410.VIP.47921.023.11526,Senior Design Part In VIP I,wl.202410.VIP.47921.023.11526,737242-0,3,3,100,5,0,5,3,100,,Professors in Department,4.026281209,0.976174563
Fall 2023 Core -4 16 Week 11/27-12/10,wl.202410.VIP.47922.023.11512,Senior Design Part In VIP II,wl.202410.VIP.47922.023.11512,737242-0,1,1,100,5,0,5,1,100,,Professors in Department,4.026281209,0.976174563
Fall 2024 16 Week 11/25-12/8 (1),PWL.202510.ECE.46100.001.18613,Software Engineering,wl.202510.ECE.46100.001.18613,737242-0,130,55,42.30769348,3.909090996,0.986440063,2,7,12.72727299,,Professors in Department,4.026281209,0.976174563
Fall 2024 16 Week 11/25-12/8 (1),PWL.202510.ECE.46100.001.18613,Software Engineering,wl.202510.ECE.46100.001.18613,737242-0,130,55,42.30769348,3.909090996,0.986440063,3,8,14.54545498,,Professors in Department,4.026281209,0.976174563
Fall 2024 16 Week 11/25-12/8 (1),PWL.202510.ECE.46100.001.18613,Software Engineering,wl.202510.ECE.46100.001.18613,737242-0,130,55,42.30769348,3.909090996,0.986440063,4,23,41.81818008,,Professors in Department,4.026281209,0.976174563
Fall 2024 16 Week 11/25-12/8 (1),PWL.202510.ECE.46100.001.18613,Software Engineering,wl.202510.ECE.46100.001.18613,737242-0,130,55,42.30769348,3.909090996,0.986440063,5,17,30.90909004,,Professors in Department,4.026281209,0.976174563
Fall 2024 Core -4 16 Week 11/25-12/8,PWL.202510.VIP.47920.023.10351,Senior Part In VIP,wl.202510.VIP.47920.023.10351,737242-0,18,17,94.44444275,4.352941036,0.606339037,3,1,5.882352829,,Professors in Department,4.026281209,0.976174563
Fall 2024 Core -4 16 Week 11/25-12/8,PWL.202510.VIP.47920.023.10351,Senior Part In VIP,wl.202510.VIP.47920.023.10351,737242-0,18,17,94.44444275,4.352941036,0.606339037,4,9,52.94117737,,Professors in Department,4.026281209,0.976174563
Fall 2024 Core -4 16 Week 11/25-12/8,PWL.202510.VIP.47920.023.10351,Senior Part In VIP,wl.202510.VIP.47920.023.10351,737242-0,18,17,94.44444275,4.352941036,0.606339037,5,7,41.17647171,,Professors in Department,4.026281209,0.976174563
Fall 2025 Core -4 16 Week 12/1-12/14 (1),PWL.202610.ECE.30861.001.28647,Software Engineering,wl.202610.ECE.30861.001.28647,737242-0,121,43,35.53718948,3.76744175,1.269368172,1,2,4.651162624,,Professors in Department,4.026281209,0.976174563
Fall 2025 Core -4 16 Week 12/1-12/14 (1),PWL.202610.ECE.30861.001.28647,Software Engineering,wl.202610.ECE.30861.001.28647,737242-0,121,43,35.53718948,3.76744175,1.269368172,2,8,18.6046505,,Professors in Department,4.026281209,0.976174563
Fall 2025 Core -4 16 Week 12/1-12/14 (1),PWL.202610.ECE.30861.001.28647,Software Engineering,wl.202610.ECE.30861.001.28647,737242-0,121,43,35.53718948,3.76744175,1.269368172,3,4,9.302325249,,Professors in Department,4.026281209,0.976174563
Fall 2025 Core -4 16 Week 12/1-12/14 (1),PWL.202610.ECE.30861.001.28647,Software Engineering,wl.202610.ECE.30861.001.28647,737242-0,121,43,35.53718948,3.76744175,1.269368172,4,13,30.2325573,,Professors in Department,4.026281209,0.976174563
Fall 2025 Core -4 16 Week 12/1-12/14 (1),PWL.202610.ECE.30861.001.28647,Software Engineering,wl.202610.ECE.30861.001.28647,737242-0,121,43,35.53718948,3.76744175,1.269368172,5,16,37.20930099,,Professors in Department,4.026281209,0.976174563
Fall 2025 Core -4 16 Week 12/1-12/14 (1),PWL.202610.VIP.17911.028.13564,First Year Part In VIP I,wl.202610.VIP.17911.028.13564,737242-0,2,2,100,4.5,0.707106769,4,1,50,,Professors in Department,4.026281209,0.976174563
Fall 2025 Core -4 16 Week 12/1-12/14 (1),PWL.202610.VIP.17911.028.13564,First Year Part In VIP I,wl.202610.VIP.17911.028.13564,737242-0,2,2,100,4.5,0.707106769,5,1,50,,Professors in Department,4.026281209,0.976174563
Fall 2025 Core -4 16 Week 12/1-12/14 (1),PWL.202610.VIP.47920.028.10446,Senior Part In VIP,wl.202610.VIP.47920.028.10446,737242-0,14,13,92.85713959,4.846153736,0.375533819,4,2,15.38461494,,Professors in Department,4.026281209,0.976174563
Fall 2025 Core -4 16 Week 12/1-12/14 (1),PWL.202610.VIP.47920.028.10446,Senior Part In VIP,wl.202610.VIP.47920.028.10446,737242-0,14,13,92.85713959,4.846153736,0.375533819,5,11,84.61538696,,Professors in Department,4.026281209,0.976174563
Spring 2023 Core 10 16 Week 4/17-4/30 Co-admin,wl.202320.ECE.46100.001.19730,Software Engineering,wl.202320.ECE.46100.001.19730,737242-0,143,70,48.9510498,3.728571415,1.062147498,1,2,2.857142925,,Professors in Department,4.026281209,0.976174563
Spring 2023 Core 10 16 Week 4/17-4/30 Co-admin,wl.202320.ECE.46100.001.19730,Software Engineering,wl.202320.ECE.46100.001.19730,737242-0,143,70,48.9510498,3.728571415,1.062147498,2,8,11.4285717,,Professors in Department,4.026281209,0.976174563
Spring 2023 Core 10 16 Week 4/17-4/30 Co-admin,wl.202320.ECE.46100.001.19730,Software Engineering,wl.202320.ECE.46100.001.19730,737242-0,143,70,48.9510498,3.728571415,1.062147498,3,15,21.4285717,,Professors in Department,4.026281209,0.976174563
Spring 2023 Core 10 16 Week 4/17-4/30 Co-admin,wl.202320.ECE.46100.001.19730,Software Engineering,wl.202320.ECE.46100.001.19730,737242-0,143,70,48.9510498,3.728571415,1.062147498,4,27,38.57143021,,Professors in Department,4.026281209,0.976174563
Spring 2023 Core 10 16 Week 4/17-4/30 Co-admin,wl.202320.ECE.46100.001.19730,Software Engineering,wl.202320.ECE.46100.001.19730,737242-0,143,70,48.9510498,3.728571415,1.062147498,5,18,25.7142849,,Professors in Department,4.026281209,0.976174563
Spring 2023 Core -4 16 Week 4/17-4/30,wl.202320.VIP.17920.023.22402,First Year Part In VIP,wl.202320.VIP.17920.023.22402,737242-0,15,12,80,4,0.603022695,3,2,16.66666603,,Professors in Department,4.026281209,0.976174563
Spring 2023 Core -4 16 Week 4/17-4/30,wl.202320.VIP.17920.023.22402,First Year Part In VIP,wl.202320.VIP.17920.023.22402,737242-0,15,12,80,4,0.603022695,4,8,66.66666412,,Professors in Department,4.026281209,0.976174563
Spring 2023 Core -4 16 Week 4/17-4/30,wl.202320.VIP.17920.023.22402,First Year Part In VIP,wl.202320.VIP.17920.023.22402,737242-0,15,12,80,4,0.603022695,5,2,16.66666603,,Professors in Department,4.026281209,0.976174563
Spring 2024 16 Week 4/15-4/28 (1),wl.202420.ECE.69900.032.61441,Research PhD Thesis,wl.202420.ECE.69900.032.61441,737242-0,4,1,25,5,0,5,1,100,,Professors in Department,4.026281209,0.976174563
Spring 2024 Core -4 16 Week 4/15-4/28,wl.202420.ECE.59500.043.22205,Advanced Software Engineering,wl.202420.ECE.59500.043.22205,737242-0,27,15,55.55555725,4.466666698,0.516397774,4,8,53.33333206,,Professors in Department,4.026281209,0.976174563
Spring 2024 Core -4 16 Week 4/15-4/28,wl.202420.ECE.59500.043.22205,Advanced Software Engineering,wl.202420.ECE.59500.043.22205,737242-0,27,15,55.55555725,4.466666698,0.516397774,5,7,46.66666794,,Professors in Department,4.026281209,0.976174563
Spring 2024 Core -4 16 Week 4/15-4/28,wl.202420.VIP.17920.023.22402,First Year Part In VIP,wl.202420.VIP.17920.023.22402,737242-0,14,13,92.85713959,4.461538315,0.660225272,3,1,7.692307472,,Professors in Department,4.026281209,0.976174563
Spring 2024 Core -4 16 Week 4/15-4/28,wl.202420.VIP.17920.023.22402,First Year Part In VIP,wl.202420.VIP.17920.023.22402,737242-0,14,13,92.85713959,4.461538315,0.660225272,4,5,38.46154022,,Professors in Department,4.026281209,0.976174563
Spring 2024 Core -4 16 Week 4/15-4/28,wl.202420.VIP.17920.023.22402,First Year Part In VIP,wl.202420.VIP.17920.023.22402,737242-0,14,13,92.85713959,4.461538315,0.660225272,5,7,53.84615326,,Professors in Department,4.026281209,0.976174563
Spring 2025 Core -4 16 Week 4/21-5/4,PWL.202520.VIP.17910.023.29155,First-Year Part In VIP Lim,wl.202520.VIP.17910.023.29155,737242-0,3,2,66.66666412,4.5,0.707106769,4,1,50,,Professors in Department,4.026281209,0.976174563
Spring 2025 Core -4 16 Week 4/21-5/4,PWL.202520.VIP.17910.023.29155,First-Year Part In VIP Lim,wl.202520.VIP.17910.023.29155,737242-0,3,2,66.66666412,4.5,0.707106769,5,1,50,,Professors in Department,4.026281209,0.976174563
Spring 2025 Core -4 16 Week 4/21-5/4,PWL.202520.VIP.27920.023.22404,Soph Part In VIP,wl.202520.VIP.27920.023.22404,737242-0,14,8,57.1428566,4.25,0.462910056,4,6,75,,Professors in Department,4.026281209,0.976174563
Spring 2025 Core -4 16 Week 4/21-5/4,PWL.202520.VIP.27920.023.22404,Soph Part In VIP,wl.202520.VIP.27920.023.22404,737242-0,14,8,57.1428566,4.25,0.462910056,5,2,25,,Professors in Department,4.026281209,0.976174563
Spring 2025 Core -4 16 Week 4/21-5/4,PWL.202520.VIP.47921.023.28751,Senior Design Part In VIP I,wl.202520.VIP.47921.023.28751,737242-0,9,7,77.77777863,4.428571224,0.786795795,3,1,14.28571415,,Professors in Department,4.026281209,0.976174563
Spring 2025 Core -4 16 Week 4/21-5/4,PWL.202520.VIP.47921.023.28751,Senior Design Part In VIP I,wl.202520.VIP.47921.023.28751,737242-0,9,7,77.77777863,4.428571224,0.786795795,4,2,28.5714283,,Professors in Department,4.026281209,0.976174563
Spring 2025 Core -4 16 Week 4/21-5/4,PWL.202520.VIP.47921.023.28751,Senior Design Part In VIP I,wl.202520.VIP.47921.023.28751,737242-0,9,7,77.77777863,4.428571224,0.786795795,5,4,57.1428566,,Professors in Department,4.026281209,0.976174563
Spring 2026 Core -4 16 Week 4/20-5/3,CEC.202620.ECE.50874.EPE.40360,Advanced Software Engineering,wl.202620.ECE.50874.EPE.40360,737242-0,25,8,32,4,0.755928934,3,2,25,,Professors in Department,4.026281209,0.976174563
Spring 2026 Core -4 16 Week 4/20-5/3,CEC.202620.ECE.50874.EPE.40360,Advanced Software Engineering,wl.202620.ECE.50874.EPE.40360,737242-0,25,8,32,4,0.755928934,4,4,50,,Professors in Department,4.026281209,0.976174563
Spring 2026 Core -4 16 Week 4/20-5/3,CEC.202620.ECE.50874.EPE.40360,Advanced Software Engineering,wl.202620.ECE.50874.EPE.40360,737242-0,25,8,32,4,0.755928934,5,2,25,,Professors in Department,4.026281209,0.976174563
Spring 2026 Core -4 16 Week 4/20-5/3,PWL.202620.ECE.50874.001.36075,Advanced Software Engineering,wl.202620.ECE.50874.001.36075,737242-0,24,10,41.66666794,4.400000095,0.966091812,2,1,10,,Professors in Department,4.026281209,0.976174563
Spring 2026 Core -4 16 Week 4/20-5/3,PWL.202620.ECE.50874.001.36075,Advanced Software Engineering,wl.202620.ECE.50874.001.36075,737242-0,24,10,41.66666794,4.400000095,0.966091812,4,3,30,,Professors in Department,4.026281209,0.976174563
Spring 2026 Core -4 16 Week 4/20-5/3,PWL.202620.ECE.50874.001.36075,Advanced Software Engineering,wl.202620.ECE.50874.001.36075,737242-0,24,10,41.66666794,4.400000095,0.966091812,5,6,60,,Professors in Department,4.026281209,0.976174563
Spring 2026 Core -4 16 Week 4/20-5/3,PWL.202620.ECE.50874.002.36076,Advanced Software Engineering,wl.202620.ECE.50874.002.36076,737242-0,5,2,40,4.5,0.707106769,4,1,50,,Professors in Department,4.026281209,0.976174563
Spring 2026 Core -4 16 Week 4/20-5/3,PWL.202620.ECE.50874.002.36076,Advanced Software Engineering,wl.202620.ECE.50874.002.36076,737242-0,5,2,40,4.5,0.707106769,5,1,50,,Professors in Department,4.026281209,0.976174563
Spring 2026 Core -4 16 Week 4/20-5/3,PWL.202620.VIP.27920.028.22031,Soph Part In VIP,wl.202620.VIP.27920.028.22031,737242-0,21,17,80.95237732,4.529411793,0.6242643,3,1,5.882352829,,Professors in Department,4.026281209,0.976174563
Spring 2026 Core -4 16 Week 4/20-5/3,PWL.202620.VIP.27920.028.22031,Soph Part In VIP,wl.202620.VIP.27920.028.22031,737242-0,21,17,80.95237732,4.529411793,0.6242643,4,6,35.29411697,,Professors in Department,4.026281209,0.976174563
Spring 2026 Core -4 16 Week 4/20-5/3,PWL.202620.VIP.27920.028.22031,Soph Part In VIP,wl.202620.VIP.27920.028.22031,737242-0,21,17,80.95237732,4.529411793,0.6242643,5,10,58.82352829,,Professors in Department,4.026281209,0.976174563
Fall 2023 16 Week 11/27-12/10,wl.202410.ECE.69900.088.50065,Research PhD Thesis,wl.202410.ECE.69900.088.50065,737243-0,4,1,25,5,0,5,1,100,,Professors in Department,3.926018397,0.981049802
Fall 2023 Core -4 16 Week 11/27-12/10,wl.202410.ECE.46100.001.18613,Software Engineering,wl.202410.ECE.46100.001.18613,737243-0,72,26,36.11111069,4.615384579,0.571098804,3,1,3.846153736,,Professors in Department,3.926018397,0.981049802
Fall 2023 Core -4 16 Week 11/27-12/10,wl.202410.ECE.46100.001.18613,Software Engineering,wl.202410.ECE.46100.001.18613,737243-0,72,26,36.11111069,4.615384579,0.571098804,4,8,30.76922989,,Professors in Department,3.926018397,0.981049802
Fall 2023 Core -4 16 Week 11/27-12/10,wl.202410.ECE.46100.001.18613,Software Engineering,wl.202410.ECE.46100.001.18613,737243-0,72,26,36.11111069,4.615384579,0.571098804,5,17,65.38461304,,Professors in Department,3.926018397,0.981049802
Fall 2023 Core -4 16 Week 11/27-12/10,wl.202410.VIP.17920.023.11485,First Year Part In VIP,wl.202410.VIP.17920.023.11485,737243-0,1,1,100,5,0,5,1,100,,Professors in Department,3.926018397,0.981049802
Fall 2023 Core -4 16 Week 11/27-12/10,wl.202410.VIP.27920.023.11487,Soph Part In VIP,wl.202410.VIP.27920.023.11487,737243-0,7,5,71.42857361,4.800000191,0.44721359,4,1,20,,Professors in Department,3.926018397,0.981049802
Fall 2023 Core -4 16 Week 11/27-12/10,wl.202410.VIP.27920.023.11487,Soph Part In VIP,wl.202410.VIP.27920.023.11487,737243-0,7,5,71.42857361,4.800000191,0.44721359,5,4,80,,Professors in Department,3.926018397,0.981049802
Fall 2023 Core -4 16 Week 11/27-12/10,wl.202410.VIP.37920.023.11525,Junior Part In VIP,wl.202410.VIP.37920.023.11525,737243-0,3,3,100,4.666666508,0.577350259,4,1,33.33333206,,Professors in Department,3.926018397,0.981049802
Fall 2023 Core -4 16 Week 11/27-12/10,wl.202410.VIP.37920.023.11525,Junior Part In VIP,wl.202410.VIP.37920.023.11525,737243-0,3,3,100,4.666666508,0.577350259,5,2,66.66666412,,Professors in Department,3.926018397,0.981049802
Fall 2023 Core -4 16 Week 11/27-12/10,wl.202410.VIP.47920.023.10351,Senior Part In VIP,wl.202410.VIP.47920.023.10351,737243-0,1,1,100,5,0,5,1,100,,Professors in Department,3.926018397,0.981049802
Fall 2023 Core -4 16 Week 11/27-12/10,wl.202410.VIP.47921.023.11526,Senior Design Part In VIP I,wl.202410.VIP.47921.023.11526,737243-0,3,3,100,5,0,5,3,100,,Professors in Department,3.926018397,0.981049802
Fall 2023 Core -4 16 Week 11/27-12/10,wl.202410.VIP.47922.023.11512,Senior Design Part In VIP II,wl.202410.VIP.47922.023.11512,737243-0,1,1,100,5,0,5,1,100,,Professors in Department,3.926018397,0.981049802
Fall 2024 16 Week 11/25-12/8 (1),PWL.202510.ECE.46100.001.18613,Software Engineering,wl.202510.ECE.46100.001.18613,737243-0,130,55,42.30769348,4.199999809,0.89027667,1,1,1.818181872,,Professors in Department,3.926018397,0.981049802
Fall 2024 16 Week 11/25-12/8 (1),PWL.202510.ECE.46100.001.18613,Software Engineering,wl.202510.ECE.46100.001.18613,737243-0,130,55,42.30769348,4.199999809,0.89027667,2,2,3.636363745,,Professors in Department,3.926018397,0.981049802
Fall 2024 16 Week 11/25-12/8 (1),PWL.202510.ECE.46100.001.18613,Software Engineering,wl.202510.ECE.46100.001.18613,737243-0,130,55,42.30769348,4.199999809,0.89027667,3,5,9.090909004,,Professors in Department,3.926018397,0.981049802
Fall 2024 16 Week 11/25-12/8 (1),PWL.202510.ECE.46100.001.18613,Software Engineering,wl.202510.ECE.46100.001.18613,737243-0,130,55,42.30769348,4.199999809,0.89027667,4,24,43.63636398,,Professors in Department,3.926018397,0.981049802
Fall 2024 16 Week 11/25-12/8 (1),PWL.202510.ECE.46100.001.18613,Software Engineering,wl.202510.ECE.46100.001.18613,737243-0,130,55,42.30769348,4.199999809,0.89027667,5,23,41.81818008,,Professors in Department,3.926018397,0.981049802
Fall 2024 Core -4 16 Week 11/25-12/8,PWL.202510.VIP.47920.023.10351,Senior Part In VIP,wl.202510.VIP.47920.023.10351,737243-0,18,17,94.44444275,4.352941036,0.701888204,3,2,11.76470566,,Professors in Department,3.926018397,0.981049802
Fall 2024 Core -4 16 Week 11/25-12/8,PWL.202510.VIP.47920.023.10351,Senior Part In VIP,wl.202510.VIP.47920.023.10351,737243-0,18,17,94.44444275,4.352941036,0.701888204,4,7,41.17647171,,Professors in Department,3.926018397,0.981049802
Fall 2024 Core -4 16 Week 11/25-12/8,PWL.202510.VIP.47920.023.10351,Senior Part In VIP,wl.202510.VIP.47920.023.10351,737243-0,18,17,94.44444275,4.352941036,0.701888204,5,8,47.05882263,,Professors in Department,3.926018397,0.981049802
Fall 2025 Core -4 16 Week 12/1-12/14 (1),PWL.202610.ECE.30861.001.28647,Software Engineering,wl.202610.ECE.30861.001.28647,737243-0,121,43,35.53718948,4.069767475,1.203078389,1,2,4.651162624,,Professors in Department,3.926018397,0.981049802
Fall 2025 Core -4 16 Week 12/1-12/14 (1),PWL.202610.ECE.30861.001.28647,Software Engineering,wl.202610.ECE.30861.001.28647,737243-0,121,43,35.53718948,4.069767475,1.203078389,2,4,9.302325249,,Professors in Department,3.926018397,0.981049802
Fall 2025 Core -4 16 Week 12/1-12/14 (1),PWL.202610.ECE.30861.001.28647,Software Engineering,wl.202610.ECE.30861.001.28647,737243-0,121,43,35.53718948,4.069767475,1.203078389,3,5,11.6279068,,Professors in Department,3.926018397,0.981049802
Fall 2025 Core -4 16 Week 12/1-12/14 (1),PWL.202610.ECE.30861.001.28647,Software Engineering,wl.202610.ECE.30861.001.28647,737243-0,121,43,35.53718948,4.069767475,1.203078389,4,10,23.2558136,,Professors in Department,3.926018397,0.981049802
Fall 2025 Core -4 16 Week 12/1-12/14 (1),PWL.202610.ECE.30861.001.28647,Software Engineering,wl.202610.ECE.30861.001.28647,737243-0,121,43,35.53718948,4.069767475,1.203078389,5,22,51.16279221,,Professors in Department,3.926018397,0.981049802
Fall 2025 Core -4 16 Week 12/1-12/14 (1),PWL.202610.VIP.17911.028.13564,First Year Part In VIP I,wl.202610.VIP.17911.028.13564,737243-0,2,2,100,5,0,5,2,100,,Professors in Department,3.926018397,0.981049802
Fall 2025 Core -4 16 Week 12/1-12/14 (1),PWL.202610.VIP.47920.028.10446,Senior Part In VIP,wl.202610.VIP.47920.028.10446,737243-0,14,13,92.85713959,4.846153736,0.375533819,4,2,15.38461494,,Professors in Department,3.926018397,0.981049802
Fall 2025 Core -4 16 Week 12/1-12/14 (1),PWL.202610.VIP.47920.028.10446,Senior Part In VIP,wl.202610.VIP.47920.028.10446,737243-0,14,13,92.85713959,4.846153736,0.375533819,5,11,84.61538696,,Professors in Department,3.926018397,0.981049802
Spring 2023 Core 10 16 Week 4/17-4/30 Co-admin,wl.202320.ECE.46100.001.19730,Software Engineering,wl.202320.ECE.46100.001.19730,737243-0,143,70,48.9510498,4.242856979,0.90786761,1,1,1.428571463,,Professors in Department,3.926018397,0.981049802
Spring 2023 Core 10 16 Week 4/17-4/30 Co-admin,wl.202320.ECE.46100.001.19730,Software Engineering,wl.202320.ECE.46100.001.19730,737243-0,143,70,48.9510498,4.242856979,0.90786761,2,3,4.285714149,,Professors in Department,3.926018397,0.981049802
Spring 2023 Core 10 16 Week 4/17-4/30 Co-admin,wl.202320.ECE.46100.001.19730,Software Engineering,wl.202320.ECE.46100.001.19730,737243-0,143,70,48.9510498,4.242856979,0.90786761,3,7,10,,Professors in Department,3.926018397,0.981049802
Spring 2023 Core 10 16 Week 4/17-4/30 Co-admin,wl.202320.ECE.46100.001.19730,Software Engineering,wl.202320.ECE.46100.001.19730,737243-0,143,70,48.9510498,4.242856979,0.90786761,4,26,37.1428566,,Professors in Department,3.926018397,0.981049802
Spring 2023 Core 10 16 Week 4/17-4/30 Co-admin,wl.202320.ECE.46100.001.19730,Software Engineering,wl.202320.ECE.46100.001.19730,737243-0,143,70,48.9510498,4.242856979,0.90786761,5,33,47.1428566,,Professors in Department,3.926018397,0.981049802
Spring 2023 Core -4 16 Week 4/17-4/30,wl.202320.VIP.17920.023.22402,First Year Part In VIP,wl.202320.VIP.17920.023.22402,737243-0,15,12,80,4.166666508,0.717740536,3,2,16.66666603,,Professors in Department,3.926018397,0.981049802
Spring 2023 Core -4 16 Week 4/17-4/30,wl.202320.VIP.17920.023.22402,First Year Part In VIP,wl.202320.VIP.17920.023.22402,737243-0,15,12,80,4.166666508,0.717740536,4,6,50,,Professors in Department,3.926018397,0.981049802
Spring 2023 Core -4 16 Week 4/17-4/30,wl.202320.VIP.17920.023.22402,First Year Part In VIP,wl.202320.VIP.17920.023.22402,737243-0,15,12,80,4.166666508,0.717740536,5,4,33.33333206,,Professors in Department,3.926018397,0.981049802
Spring 2024 16 Week 4/15-4/28 (1),wl.202420.ECE.69900.032.61441,Research PhD Thesis,wl.202420.ECE.69900.032.61441,737243-0,4,1,25,5,0,5,1,100,,Professors in Department,3.926018397,0.981049802
Spring 2024 Core -4 16 Week 4/15-4/28,wl.202420.ECE.59500.043.22205,Advanced Software Engineering,wl.202420.ECE.59500.043.22205,737243-0,27,15,55.55555725,4.199999809,1.082325578,1,1,6.666666508,,Professors in Department,3.926018397,0.981049802
Spring 2024 Core -4 16 Week 4/15-4/28,wl.202420.ECE.59500.043.22205,Advanced Software Engineering,wl.202420.ECE.59500.043.22205,737243-0,27,15,55.55555725,4.199999809,1.082325578,3,1,6.666666508,,Professors in Department,3.926018397,0.981049802
Spring 2024 Core -4 16 Week 4/15-4/28,wl.202420.ECE.59500.043.22205,Advanced Software Engineering,wl.202420.ECE.59500.043.22205,737243-0,27,15,55.55555725,4.199999809,1.082325578,4,6,40,,Professors in Department,3.926018397,0.981049802
Spring 2024 Core -4 16 Week 4/15-4/28,wl.202420.ECE.59500.043.22205,Advanced Software Engineering,wl.202420.ECE.59500.043.22205,737243-0,27,15,55.55555725,4.199999809,1.082325578,5,7,46.66666794,,Professors in Department,3.926018397,0.981049802
Spring 2024 Core -4 16 Week 4/15-4/28,wl.202420.VIP.17920.023.22402,First Year Part In VIP,wl.202420.VIP.17920.023.22402,737243-0,14,13,92.85713959,4.615384579,0.50636971,4,5,38.46154022,,Professors in Department,3.926018397,0.981049802
Spring 2024 Core -4 16 Week 4/15-4/28,wl.202420.VIP.17920.023.22402,First Year Part In VIP,wl.202420.VIP.17920.023.22402,737243-0,14,13,92.85713959,4.615384579,0.50636971,5,8,61.53845978,,Professors in Department,3.926018397,0.981049802
Spring 2025 Core -4 16 Week 4/21-5/4,PWL.202520.VIP.17910.023.29155,First-Year Part In VIP Lim,wl.202520.VIP.17910.023.29155,737243-0,3,2,66.66666412,4.5,0.707106769,4,1,50,,Professors in Department,3.926018397,0.981049802
Spring 2025 Core -4 16 Week 4/21-5/4,PWL.202520.VIP.17910.023.29155,First-Year Part In VIP Lim,wl.202520.VIP.17910.023.29155,737243-0,3,2,66.66666412,4.5,0.707106769,5,1,50,,Professors in Department,3.926018397,0.981049802
Spring 2025 Core -4 16 Week 4/21-5/4,PWL.202520.VIP.27920.023.22404,Soph Part In VIP,wl.202520.VIP.27920.023.22404,737243-0,14,8,57.1428566,4,0.534522474,3,1,12.5,,Professors in Department,3.926018397,0.981049802
Spring 2025 Core -4 16 Week 4/21-5/4,PWL.202520.VIP.27920.023.22404,Soph Part In VIP,wl.202520.VIP.27920.023.22404,737243-0,14,8,57.1428566,4,0.534522474,4,6,75,,Professors in Department,3.926018397,0.981049802
Spring 2025 Core -4 16 Week 4/21-5/4,PWL.202520.VIP.27920.023.22404,Soph Part In VIP,wl.202520.VIP.27920.023.22404,737243-0,14,8,57.1428566,4,0.534522474,5,1,12.5,,Professors in Department,3.926018397,0.981049802
Spring 2025 Core -4 16 Week 4/21-5/4,PWL.202520.VIP.47921.023.28751,Senior Design Part In VIP I,wl.202520.VIP.47921.023.28751,737243-0,9,7,77.77777863,4.428571224,0.786795795,3,1,14.28571415,,Professors in Department,3.926018397,0.981049802
Spring 2025 Core -4 16 Week 4/21-5/4,PWL.202520.VIP.47921.023.28751,Senior Design Part In VIP I,wl.202520.VIP.47921.023.28751,737243-0,9,7,77.77777863,4.428571224,0.786795795,4,2,28.5714283,,Professors in Department,3.926018397,0.981049802
Spring 2025 Core -4 16 Week 4/21-5/4,PWL.202520.VIP.47921.023.28751,Senior Design Part In VIP I,wl.202520.VIP.47921.023.28751,737243-0,9,7,77.77777863,4.428571224,0.786795795,5,4,57.1428566,,Professors in Department,3.926018397,0.981049802
Spring 2026 Core -4 16 Week 4/20-5/3,CEC.202620.ECE.50874.EPE.40360,Advanced Software Engineering,wl.202620.ECE.50874.EPE.40360,737243-0,25,8,32,3.75,1.035098314,2,1,12.5,,Professors in Department,3.926018397,0.981049802
Spring 2026 Core -4 16 Week 4/20-5/3,CEC.202620.ECE.50874.EPE.40360,Advanced Software Engineering,wl.202620.ECE.50874.EPE.40360,737243-0,25,8,32,3.75,1.035098314,3,2,25,,Professors in Department,3.926018397,0.981049802
Spring 2026 Core -4 16 Week 4/20-5/3,CEC.202620.ECE.50874.EPE.40360,Advanced Software Engineering,wl.202620.ECE.50874.EPE.40360,737243-0,25,8,32,3.75,1.035098314,4,3,37.5,,Professors in Department,3.926018397,0.981049802
Spring 2026 Core -4 16 Week 4/20-5/3,CEC.202620.ECE.50874.EPE.40360,Advanced Software Engineering,wl.202620.ECE.50874.EPE.40360,737243-0,25,8,32,3.75,1.035098314,5,2,25,,Professors in Department,3.926018397,0.981049802
Spring 2026 Core -4 16 Week 4/20-5/3,PWL.202620.ECE.50874.001.36075,Advanced Software Engineering,wl.202620.ECE.50874.001.36075,737243-0,24,10,41.66666794,4.300000191,0.948683321,2,1,10,,Professors in Department,3.926018397,0.981049802
Spring 2026 Core -4 16 Week 4/20-5/3,PWL.202620.ECE.50874.001.36075,Advanced Software Engineering,wl.202620.ECE.50874.001.36075,737243-0,24,10,41.66666794,4.300000191,0.948683321,4,4,40,,Professors in Department,3.926018397,0.981049802
Spring 2026 Core -4 16 Week 4/20-5/3,PWL.202620.ECE.50874.001.36075,Advanced Software Engineering,wl.202620.ECE.50874.001.36075,737243-0,24,10,41.66666794,4.300000191,0.948683321,5,5,50,,Professors in Department,3.926018397,0.981049802
Spring 2026 Core -4 16 Week 4/20-5/3,PWL.202620.ECE.50874.002.36076,Advanced Software Engineering,wl.202620.ECE.50874.002.36076,737243-0,5,2,40,4.5,0.707106769,4,1,50,,Professors in Department,3.926018397,0.981049802
Spring 2026 Core -4 16 Week 4/20-5/3,PWL.202620.ECE.50874.002.36076,Advanced Software Engineering,wl.202620.ECE.50874.002.36076,737243-0,5,2,40,4.5,0.707106769,5,1,50,,Professors in Department,3.926018397,0.981049802
Spring 2026 Core -4 16 Week 4/20-5/3,PWL.202620.VIP.27920.028.22031,Soph Part In VIP,wl.202620.VIP.27920.028.22031,737243-0,21,17,80.95237732,4.647058964,0.492592186,4,6,35.29411697,,Professors in Department,3.926018397,0.981049802
Spring 2026 Core -4 16 Week 4/20-5/3,PWL.202620.VIP.27920.028.22031,Soph Part In VIP,wl.202620.VIP.27920.028.22031,737243-0,21,17,80.95237732,4.647058964,0.492592186,5,11,64.70587921,,Professors in Department,3.926018397,0.981049802
Fall 2023 16 Week 11/27-12/10,wl.202410.ECE.69900.088.50065,Research PhD Thesis,wl.202410.ECE.69900.088.50065,737244-0,4,1,25,5,0,5,1,100,,Professors in Department,3.801445466,1.068121577
Fall 2024 16 Week 11/25-12/8 (1),PWL.202510.ECE.46100.001.18613,Software Engineering,wl.202510.ECE.46100.001.18613,737244-0,130,55,42.30769348,3.581818104,1.048648357,1,2,3.636363745,,Professors in Department,3.801445466,1.068121577
Fall 2024 16 Week 11/25-12/8 (1),PWL.202510.ECE.46100.001.18613,Software Engineering,wl.202510.ECE.46100.001.18613,737244-0,130,55,42.30769348,3.581818104,1.048648357,2,4,7.272727489,,Professors in Department,3.801445466,1.068121577
Fall 2024 16 Week 11/25-12/8 (1),PWL.202510.ECE.46100.001.18613,Software Engineering,wl.202510.ECE.46100.001.18613,737244-0,130,55,42.30769348,3.581818104,1.048648357,3,22,40,,Professors in Department,3.801445466,1.068121577
Fall 2024 16 Week 11/25-12/8 (1),PWL.202510.ECE.46100.001.18613,Software Engineering,wl.202510.ECE.46100.001.18613,737244-0,130,55,42.30769348,3.581818104,1.048648357,4,14,25.45454597,,Professors in Department,3.801445466,1.068121577
Fall 2024 16 Week 11/25-12/8 (1),PWL.202510.ECE.46100.001.18613,Software Engineering,wl.202510.ECE.46100.001.18613,737244-0,130,55,42.30769348,3.581818104,1.048648357,5,13,23.63636398,,Professors in Department,3.801445466,1.068121577
Spring 2023 Core 10 16 Week 4/17-4/30 Co-admin,wl.202320.ECE.46100.001.19730,Software Engineering,wl.202320.ECE.46100.001.19730,737244-0,143,70,48.9510498,3.557142973,0.942333102,1,1,1.428571463,,Professors in Department,3.801445466,1.068121577
Spring 2023 Core 10 16 Week 4/17-4/30 Co-admin,wl.202320.ECE.46100.001.19730,Software Engineering,wl.202320.ECE.46100.001.19730,737244-0,143,70,48.9510498,3.557142973,0.942333102,2,3,4.285714149,,Professors in Department,3.801445466,1.068121577
Spring 2023 Core 10 16 Week 4/17-4/30 Co-admin,wl.202320.ECE.46100.001.19730,Software Engineering,wl.202320.ECE.46100.001.19730,737244-0,143,70,48.9510498,3.557142973,0.942333102,3,38,54.2857132,,Professors in Department,3.801445466,1.068121577
Spring 2023 Core 10 16 Week 4/17-4/30 Co-admin,wl.202320.ECE.46100.001.19730,Software Engineering,wl.202320.ECE.46100.001.19730,737244-0,143,70,48.9510498,3.557142973,0.942333102,4,12,17.1428566,,Professors in Department,3.801445466,1.068121577
Spring 2023 Core 10 16 Week 4/17-4/30 Co-admin,wl.202320.ECE.46100.001.19730,Software Engineering,wl.202320.ECE.46100.001.19730,737244-0,143,70,48.9510498,3.557142973,0.942333102,5,16,22.8571434,,Professors in Department,3.801445466,1.068121577
Spring 2024 16 Week 4/15-4/28 (1),wl.202420.ECE.69900.032.61441,Research PhD Thesis,wl.202420.ECE.69900.032.61441,737244-0,4,1,25,5,0,5,1,100,,Professors in Department,3.801445466,1.068121577
Fall 2023 16 Week 11/27-12/10,wl.202410.ECE.69900.088.50065,Research PhD Thesis,wl.202410.ECE.69900.088.50065,737245-0,4,1,25,5,0,5,1,100,,Professors in Department,3.958070127,1.028382963
Fall 2023 Core -4 16 Week 11/27-12/10,wl.202410.ECE.46100.001.18613,Software Engineering,wl.202410.ECE.46100.001.18613,737245-0,72,26,36.11111069,4.461538315,0.646886051,3,2,7.692307472,,Professors in Department,3.958070127,1.028382963
Fall 2023 Core -4 16 Week 11/27-12/10,wl.202410.ECE.46100.001.18613,Software Engineering,wl.202410.ECE.46100.001.18613,737245-0,72,26,36.11111069,4.461538315,0.646886051,4,10,38.46154022,,Professors in Department,3.958070127,1.028382963
Fall 2023 Core -4 16 Week 11/27-12/10,wl.202410.ECE.46100.001.18613,Software Engineering,wl.202410.ECE.46100.001.18613,737245-0,72,26,36.11111069,4.461538315,0.646886051,5,14,53.84615326,,Professors in Department,3.958070127,1.028382963
Fall 2023 Core -4 16 Week 11/27-12/10,wl.202410.VIP.17920.023.11485,First Year Part In VIP,wl.202410.VIP.17920.023.11485,737245-0,1,1,100,5,0,5,1,100,,Professors in Department,3.958070127,1.028382963
Fall 2023 Core -4 16 Week 11/27-12/10,wl.202410.VIP.27920.023.11487,Soph Part In VIP,wl.202410.VIP.27920.023.11487,737245-0,7,5,71.42857361,4.800000191,0.44721359,4,1,20,,Professors in Department,3.958070127,1.028382963
Fall 2023 Core -4 16 Week 11/27-12/10,wl.202410.VIP.27920.023.11487,Soph Part In VIP,wl.202410.VIP.27920.023.11487,737245-0,7,5,71.42857361,4.800000191,0.44721359,5,4,80,,Professors in Department,3.958070127,1.028382963
Fall 2023 Core -4 16 Week 11/27-12/10,wl.202410.VIP.37920.023.11525,Junior Part In VIP,wl.202410.VIP.37920.023.11525,737245-0,3,3,100,4.666666508,0.577350259,4,1,33.33333206,,Professors in Department,3.958070127,1.028382963
Fall 2023 Core -4 16 Week 11/27-12/10,wl.202410.VIP.37920.023.11525,Junior Part In VIP,wl.202410.VIP.37920.023.11525,737245-0,3,3,100,4.666666508,0.577350259,5,2,66.66666412,,Professors in Department,3.958070127,1.028382963
Fall 2023 Core -4 16 Week 11/27-12/10,wl.202410.VIP.47920.023.10351,Senior Part In VIP,wl.202410.VIP.47920.023.10351,737245-0,1,1,100,5,0,5,1,100,,Professors in Department,3.958070127,1.028382963
Fall 2023 Core -4 16 Week 11/27-12/10,wl.202410.VIP.47921.023.11526,Senior Design Part In VIP I,wl.202410.VIP.47921.023.11526,737245-0,3,3,100,5,0,5,3,100,,Professors in Department,3.958070127,1.028382963
Fall 2023 Core -4 16 Week 11/27-12/10,wl.202410.VIP.47922.023.11512,Senior Design Part In VIP II,wl.202410.VIP.47922.023.11512,737245-0,1,1,100,5,0,5,1,100,,Professors in Department,3.958070127,1.028382963
Fall 2024 16 Week 11/25-12/8 (1),PWL.202510.ECE.46100.001.18613,Software Engineering,wl.202510.ECE.46100.001.18613,737245-0,130,55,42.30769348,4.163636208,1.118259788,1,2,3.636363745,,Professors in Department,3.958070127,1.028382963
Fall 2024 16 Week 11/25-12/8 (1),PWL.202510.ECE.46100.001.18613,Software Engineering,wl.202510.ECE.46100.001.18613,737245-0,130,55,42.30769348,4.163636208,1.118259788,2,5,9.090909004,,Professors in Department,3.958070127,1.028382963
Fall 2024 16 Week 11/25-12/8 (1),PWL.202510.ECE.46100.001.18613,Software Engineering,wl.202510.ECE.46100.001.18613,737245-0,130,55,42.30769348,4.163636208,1.118259788,3,3,5.454545498,,Professors in Department,3.958070127,1.028382963
Fall 2024 16 Week 11/25-12/8 (1),PWL.202510.ECE.46100.001.18613,Software Engineering,wl.202510.ECE.46100.001.18613,737245-0,130,55,42.30769348,4.163636208,1.118259788,4,17,30.90909004,,Professors in Department,3.958070127,1.028382963
Fall 2024 16 Week 11/25-12/8 (1),PWL.202510.ECE.46100.001.18613,Software Engineering,wl.202510.ECE.46100.001.18613,737245-0,130,55,42.30769348,4.163636208,1.118259788,5,28,50.90909195,,Professors in Department,3.958070127,1.028382963
Fall 2024 Core -4 16 Week 11/25-12/8,PWL.202510.VIP.47920.023.10351,Senior Part In VIP,wl.202510.VIP.47920.023.10351,737245-0,18,17,94.44444275,4.529411793,0.6242643,3,1,5.882352829,,Professors in Department,3.958070127,1.028382963
Fall 2024 Core -4 16 Week 11/25-12/8,PWL.202510.VIP.47920.023.10351,Senior Part In VIP,wl.202510.VIP.47920.023.10351,737245-0,18,17,94.44444275,4.529411793,0.6242643,4,6,35.29411697,,Professors in Department,3.958070127,1.028382963
Fall 2024 Core -4 16 Week 11/25-12/8,PWL.202510.VIP.47920.023.10351,Senior Part In VIP,wl.202510.VIP.47920.023.10351,737245-0,18,17,94.44444275,4.529411793,0.6242643,5,10,58.82352829,,Professors in Department,3.958070127,1.028382963
Fall 2025 Core -4 16 Week 12/1-12/14 (1),PWL.202610.ECE.30861.001.28647,Software Engineering,wl.202610.ECE.30861.001.28647,737245-0,121,43,35.53718948,4.162790775,1.021908402,1,1,2.325581312,,Professors in Department,3.958070127,1.028382963
Fall 2025 Core -4 16 Week 12/1-12/14 (1),PWL.202610.ECE.30861.001.28647,Software Engineering,wl.202610.ECE.30861.001.28647,737245-0,121,43,35.53718948,4.162790775,1.021908402,2,2,4.651162624,,Professors in Department,3.958070127,1.028382963
Fall 2025 Core -4 16 Week 12/1-12/14 (1),PWL.202610.ECE.30861.001.28647,Software Engineering,wl.202610.ECE.30861.001.28647,737245-0,121,43,35.53718948,4.162790775,1.021908402,3,7,16.2790699,,Professors in Department,3.958070127,1.028382963
Fall 2025 Core -4 16 Week 12/1-12/14 (1),PWL.202610.ECE.30861.001.28647,Software Engineering,wl.202610.ECE.30861.001.28647,737245-0,121,43,35.53718948,4.162790775,1.021908402,4,12,27.9069767,,Professors in Department,3.958070127,1.028382963
Fall 2025 Core -4 16 Week 12/1-12/14 (1),PWL.202610.ECE.30861.001.28647,Software Engineering,wl.202610.ECE.30861.001.28647,737245-0,121,43,35.53718948,4.162790775,1.021908402,5,21,48.83720779,,Professors in Department,3.958070127,1.028382963
Fall 2025 Core -4 16 Week 12/1-12/14 (1),PWL.202610.VIP.17911.028.13564,First Year Part In VIP I,wl.202610.VIP.17911.028.13564,737245-0,2,2,100,4.5,0.707106769,4,1,50,,Professors in Department,3.958070127,1.028382963
Fall 2025 Core -4 16 Week 12/1-12/14 (1),PWL.202610.VIP.17911.028.13564,First Year Part In VIP I,wl.202610.VIP.17911.028.13564,737245-0,2,2,100,4.5,0.707106769,5,1,50,,Professors in Department,3.958070127,1.028382963
Fall 2025 Core -4 16 Week 12/1-12/14 (1),PWL.202610.VIP.47920.028.10446,Senior Part In VIP,wl.202610.VIP.47920.028.10446,737245-0,14,13,92.85713959,4.692307472,0.480384469,4,4,30.76922989,,Professors in Department,3.958070127,1.028382963
Fall 2025 Core -4 16 Week 12/1-12/14 (1),PWL.202610.VIP.47920.028.10446,Senior Part In VIP,wl.202610.VIP.47920.028.10446,737245-0,14,13,92.85713959,4.692307472,0.480384469,5,9,69.2307663,,Professors in Department,3.958070127,1.028382963
Spring 2023 Core 10 16 Week 4/17-4/30 Co-admin,wl.202320.ECE.46100.001.19730,Software Engineering,wl.202320.ECE.46100.001.19730,737245-0,143,70,48.9510498,4.071428776,0.997408628,1,1,1.428571463,,Professors in Department,3.958070127,1.028382963
Spring 2023 Core 10 16 Week 4/17-4/30 Co-admin,wl.202320.ECE.46100.001.19730,Software Engineering,wl.202320.ECE.46100.001.19730,737245-0,143,70,48.9510498,4.071428776,0.997408628,2,6,8.571428299,,Professors in Department,3.958070127,1.028382963
Spring 2023 Core 10 16 Week 4/17-4/30 Co-admin,wl.202320.ECE.46100.001.19730,Software Engineering,wl.202320.ECE.46100.001.19730,737245-0,143,70,48.9510498,4.071428776,0.997408628,3,8,11.4285717,,Professors in Department,3.958070127,1.028382963
Spring 2023 Core 10 16 Week 4/17-4/30 Co-admin,wl.202320.ECE.46100.001.19730,Software Engineering,wl.202320.ECE.46100.001.19730,737245-0,143,70,48.9510498,4.071428776,0.997408628,4,27,38.57143021,,Professors in Department,3.958070127,1.028382963
Spring 2023 Core 10 16 Week 4/17-4/30 Co-admin,wl.202320.ECE.46100.001.19730,Software Engineering,wl.202320.ECE.46100.001.19730,737245-0,143,70,48.9510498,4.071428776,0.997408628,5,28,40,,Professors in Department,3.958070127,1.028382963
Spring 2023 Core -4 16 Week 4/17-4/30,wl.202320.VIP.17920.023.22402,First Year Part In VIP,wl.202320.VIP.17920.023.22402,737245-0,15,12,80,4.5,0.52223295,4,6,50,,Professors in Department,3.958070127,1.028382963
Spring 2023 Core -4 16 Week 4/17-4/30,wl.202320.VIP.17920.023.22402,First Year Part In VIP,wl.202320.VIP.17920.023.22402,737245-0,15,12,80,4.5,0.52223295,5,6,50,,Professors in Department,3.958070127,1.028382963
Spring 2024 16 Week 4/15-4/28 (1),wl.202420.ECE.69900.032.61441,Research PhD Thesis,wl.202420.ECE.69900.032.61441,737245-0,4,1,25,5,0,5,1,100,,Professors in Department,3.958070127,1.028382963
Spring 2024 Core -4 16 Week 4/15-4/28,wl.202420.ECE.59500.043.22205,Advanced Software Engineering,wl.202420.ECE.59500.043.22205,737245-0,27,15,55.55555725,4.599999905,0.632455528,3,1,6.666666508,,Professors in Department,3.958070127,1.028382963
Spring 2024 Core -4 16 Week 4/15-4/28,wl.202420.ECE.59500.043.22205,Advanced Software Engineering,wl.202420.ECE.59500.043.22205,737245-0,27,15,55.55555725,4.599999905,0.632455528,4,4,26.66666603,,Professors in Department,3.958070127,1.028382963
Spring 2024 Core -4 16 Week 4/15-4/28,wl.202420.ECE.59500.043.22205,Advanced Software Engineering,wl.202420.ECE.59500.043.22205,737245-0,27,15,55.55555725,4.599999905,0.632455528,5,10,66.66666412,,Professors in Department,3.958070127,1.028382963
Spring 2024 Core -4 16 Week 4/15-4/28,wl.202420.VIP.17920.023.22402,First Year Part In VIP,wl.202420.VIP.17920.023.22402,737245-0,14,13,92.85713959,4.461538315,0.660225272,3,1,7.692307472,,Professors in Department,3.958070127,1.028382963
Spring 2024 Core -4 16 Week 4/15-4/28,wl.202420.VIP.17920.023.22402,First Year Part In VIP,wl.202420.VIP.17920.023.22402,737245-0,14,13,92.85713959,4.461538315,0.660225272,4,5,38.46154022,,Professors in Department,3.958070127,1.028382963
Spring 2024 Core -4 16 Week 4/15-4/28,wl.202420.VIP.17920.023.22402,First Year Part In VIP,wl.202420.VIP.17920.023.22402,737245-0,14,13,92.85713959,4.461538315,0.660225272,5,7,53.84615326,,Professors in Department,3.958070127,1.028382963
Spring 2025 Core -4 16 Week 4/21-5/4,PWL.202520.VIP.17910.023.29155,First-Year Part In VIP Lim,wl.202520.VIP.17910.023.29155,737245-0,3,2,66.66666412,4,1.414213538,3,1,50,,Professors in Department,3.958070127,1.028382963
Spring 2025 Core -4 16 Week 4/21-5/4,PWL.202520.VIP.17910.023.29155,First-Year Part In VIP Lim,wl.202520.VIP.17910.023.29155,737245-0,3,2,66.66666412,4,1.414213538,5,1,50,,Professors in Department,3.958070127,1.028382963
Spring 2025 Core -4 16 Week 4/21-5/4,PWL.202520.VIP.27920.023.22404,Soph Part In VIP,wl.202520.VIP.27920.023.22404,737245-0,14,8,57.1428566,4.5,0.534522474,4,4,50,,Professors in Department,3.958070127,1.028382963
Spring 2025 Core -4 16 Week 4/21-5/4,PWL.202520.VIP.27920.023.22404,Soph Part In VIP,wl.202520.VIP.27920.023.22404,737245-0,14,8,57.1428566,4.5,0.534522474,5,4,50,,Professors in Department,3.958070127,1.028382963
Spring 2025 Core -4 16 Week 4/21-5/4,PWL.202520.VIP.47921.023.28751,Senior Design Part In VIP I,wl.202520.VIP.47921.023.28751,737245-0,9,7,77.77777863,4.428571224,0.786795795,3,1,14.28571415,,Professors in Department,3.958070127,1.028382963
Spring 2025 Core -4 16 Week 4/21-5/4,PWL.202520.VIP.47921.023.28751,Senior Design Part In VIP I,wl.202520.VIP.47921.023.28751,737245-0,9,7,77.77777863,4.428571224,0.786795795,4,2,28.5714283,,Professors in Department,3.958070127,1.028382963
Spring 2025 Core -4 16 Week 4/21-5/4,PWL.202520.VIP.47921.023.28751,Senior Design Part In VIP I,wl.202520.VIP.47921.023.28751,737245-0,9,7,77.77777863,4.428571224,0.786795795,5,4,57.1428566,,Professors in Department,3.958070127,1.028382963
Spring 2026 Core -4 16 Week 4/20-5/3,CEC.202620.ECE.50874.EPE.40360,Advanced Software Engineering,wl.202620.ECE.50874.EPE.40360,737245-0,25,8,32,3.375,1.685018063,1,2,25,,Professors in Department,3.958070127,1.028382963
Spring 2026 Core -4 16 Week 4/20-5/3,CEC.202620.ECE.50874.EPE.40360,Advanced Software Engineering,wl.202620.ECE.50874.EPE.40360,737245-0,25,8,32,3.375,1.685018063,3,2,25,,Professors in Department,3.958070127,1.028382963
Spring 2026 Core -4 16 Week 4/20-5/3,CEC.202620.ECE.50874.EPE.40360,Advanced Software Engineering,wl.202620.ECE.50874.EPE.40360,737245-0,25,8,32,3.375,1.685018063,4,1,12.5,,Professors in Department,3.958070127,1.028382963
Spring 2026 Core -4 16 Week 4/20-5/3,CEC.202620.ECE.50874.EPE.40360,Advanced Software Engineering,wl.202620.ECE.50874.EPE.40360,737245-0,25,8,32,3.375,1.685018063,5,3,37.5,,Professors in Department,3.958070127,1.028382963
Spring 2026 Core -4 16 Week 4/20-5/3,PWL.202620.ECE.50874.001.36075,Advanced Software Engineering,wl.202620.ECE.50874.001.36075,737245-0,24,10,41.66666794,4.900000095,0.316227764,4,1,10,,Professors in Department,3.958070127,1.028382963
Spring 2026 Core -4 16 Week 4/20-5/3,PWL.202620.ECE.50874.001.36075,Advanced Software Engineering,wl.202620.ECE.50874.001.36075,737245-0,24,10,41.66666794,4.900000095,0.316227764,5,9,90,,Professors in Department,3.958070127,1.028382963
Spring 2026 Core -4 16 Week 4/20-5/3,PWL.202620.ECE.50874.002.36076,Advanced Software Engineering,wl.202620.ECE.50874.002.36076,737245-0,5,2,40,5,0,5,2,100,,Professors in Department,3.958070127,1.028382963
Spring 2026 Core -4 16 Week 4/20-5/3,PWL.202620.VIP.27920.028.22031,Soph Part In VIP,wl.202620.VIP.27920.028.22031,737245-0,21,17,80.95237732,4.705882549,0.46966821,4,5,29.41176414,,Professors in Department,3.958070127,1.028382963
Spring 2026 Core -4 16 Week 4/20-5/3,PWL.202620.VIP.27920.028.22031,Soph Part In VIP,wl.202620.VIP.27920.028.22031,737245-0,21,17,80.95237732,4.705882549,0.46966821,5,12,70.58823395,,Professors in Department,3.958070127,1.028382963
Fall 2023 16 Week 11/27-12/10,wl.202410.ECE.69900.088.50065,Research PhD Thesis,wl.202410.ECE.69900.088.50065,737246-0,4,1,25,5,0,5,1,100,,Professors in Department,4.029936831,0.979893574
Fall 2023 Core -4 16 Week 11/27-12/10,wl.202410.ECE.46100.001.18613,Software Engineering,wl.202410.ECE.46100.001.18613,737246-0,72,26,36.11111069,4.5,0.583095193,3,1,3.846153736,,Professors in Department,4.029936831,0.979893574
Fall 2023 Core -4 16 Week 11/27-12/10,wl.202410.ECE.46100.001.18613,Software Engineering,wl.202410.ECE.46100.001.18613,737246-0,72,26,36.11111069,4.5,0.583095193,4,11,42.30769348,,Professors in Department,4.029936831,0.979893574
Fall 2023 Core -4 16 Week 11/27-12/10,wl.202410.ECE.46100.001.18613,Software Engineering,wl.202410.ECE.46100.001.18613,737246-0,72,26,36.11111069,4.5,0.583095193,5,14,53.84615326,,Professors in Department,4.029936831,0.979893574
Fall 2023 Core -4 16 Week 11/27-12/10,wl.202410.VIP.17920.023.11485,First Year Part In VIP,wl.202410.VIP.17920.023.11485,737246-0,1,1,100,5,0,5,1,100,,Professors in Department,4.029936831,0.979893574
Fall 2023 Core -4 16 Week 11/27-12/10,wl.202410.VIP.27920.023.11487,Soph Part In VIP,wl.202410.VIP.27920.023.11487,737246-0,7,5,71.42857361,4.800000191,0.44721359,4,1,20,,Professors in Department,4.029936831,0.979893574
Fall 2023 Core -4 16 Week 11/27-12/10,wl.202410.VIP.27920.023.11487,Soph Part In VIP,wl.202410.VIP.27920.023.11487,737246-0,7,5,71.42857361,4.800000191,0.44721359,5,4,80,,Professors in Department,4.029936831,0.979893574
Fall 2023 Core -4 16 Week 11/27-12/10,wl.202410.VIP.37920.023.11525,Junior Part In VIP,wl.202410.VIP.37920.023.11525,737246-0,3,3,100,4.666666508,0.577350259,4,1,33.33333206,,Professors in Department,4.029936831,0.979893574
Fall 2023 Core -4 16 Week 11/27-12/10,wl.202410.VIP.37920.023.11525,Junior Part In VIP,wl.202410.VIP.37920.023.11525,737246-0,3,3,100,4.666666508,0.577350259,5,2,66.66666412,,Professors in Department,4.029936831,0.979893574
Fall 2023 Core -4 16 Week 11/27-12/10,wl.202410.VIP.47920.023.10351,Senior Part In VIP,wl.202410.VIP.47920.023.10351,737246-0,1,1,100,5,0,5,1,100,,Professors in Department,4.029936831,0.979893574
Fall 2023 Core -4 16 Week 11/27-12/10,wl.202410.VIP.47921.023.11526,Senior Design Part In VIP I,wl.202410.VIP.47921.023.11526,737246-0,3,3,100,5,0,5,3,100,,Professors in Department,4.029936831,0.979893574
Fall 2023 Core -4 16 Week 11/27-12/10,wl.202410.VIP.47922.023.11512,Senior Design Part In VIP II,wl.202410.VIP.47922.023.11512,737246-0,1,1,100,5,0,5,1,100,,Professors in Department,4.029936831,0.979893574
Fall 2024 16 Week 11/25-12/8 (1),PWL.202510.ECE.46100.001.18613,Software Engineering,wl.202510.ECE.46100.001.18613,737246-0,130,55,42.30769348,4.29090929,0.87501806,2,4,7.272727489,,Professors in Department,4.029936831,0.979893574
Fall 2024 16 Week 11/25-12/8 (1),PWL.202510.ECE.46100.001.18613,Software Engineering,wl.202510.ECE.46100.001.18613,737246-0,130,55,42.30769348,4.29090929,0.87501806,3,3,5.454545498,,Professors in Department,4.029936831,0.979893574
Fall 2024 16 Week 11/25-12/8 (1),PWL.202510.ECE.46100.001.18613,Software Engineering,wl.202510.ECE.46100.001.18613,737246-0,130,55,42.30769348,4.29090929,0.87501806,4,21,38.18181992,,Professors in Department,4.029936831,0.979893574
Fall 2024 16 Week 11/25-12/8 (1),PWL.202510.ECE.46100.001.18613,Software Engineering,wl.202510.ECE.46100.001.18613,737246-0,130,55,42.30769348,4.29090929,0.87501806,5,27,49.09090805,,Professors in Department,4.029936831,0.979893574
Fall 2024 Core -4 16 Week 11/25-12/8,PWL.202510.VIP.47920.023.10351,Senior Part In VIP,wl.202510.VIP.47920.023.10351,737246-0,18,17,94.44444275,4.588235378,0.61834693,3,1,5.882352829,,Professors in Department,4.029936831,0.979893574
Fall 2024 Core -4 16 Week 11/25-12/8,PWL.202510.VIP.47920.023.10351,Senior Part In VIP,wl.202510.VIP.47920.023.10351,737246-0,18,17,94.44444275,4.588235378,0.61834693,4,5,29.41176414,,Professors in Department,4.029936831,0.979893574
Fall 2024 Core -4 16 Week 11/25-12/8,PWL.202510.VIP.47920.023.10351,Senior Part In VIP,wl.202510.VIP.47920.023.10351,737246-0,18,17,94.44444275,4.588235378,0.61834693,5,11,64.70587921,,Professors in Department,4.029936831,0.979893574
Fall 2025 Core -4 16 Week 12/1-12/14 (1),PWL.202610.ECE.30861.001.28647,Software Engineering,wl.202610.ECE.30861.001.28647,737246-0,121,43,35.53718948,4.23255825,0.971920252,1,1,2.325581312,,Professors in Department,4.029936831,0.979893574
Fall 2025 Core -4 16 Week 12/1-12/14 (1),PWL.202610.ECE.30861.001.28647,Software Engineering,wl.202610.ECE.30861.001.28647,737246-0,121,43,35.53718948,4.23255825,0.971920252,2,2,4.651162624,,Professors in Department,4.029936831,0.979893574
Fall 2025 Core -4 16 Week 12/1-12/14 (1),PWL.202610.ECE.30861.001.28647,Software Engineering,wl.202610.ECE.30861.001.28647,737246-0,121,43,35.53718948,4.23255825,0.971920252,3,4,9.302325249,,Professors in Department,4.029936831,0.979893574
Fall 2025 Core -4 16 Week 12/1-12/14 (1),PWL.202610.ECE.30861.001.28647,Software Engineering,wl.202610.ECE.30861.001.28647,737246-0,121,43,35.53718948,4.23255825,0.971920252,4,15,34.8837204,,Professors in Department,4.029936831,0.979893574
Fall 2025 Core -4 16 Week 12/1-12/14 (1),PWL.202610.ECE.30861.001.28647,Software Engineering,wl.202610.ECE.30861.001.28647,737246-0,121,43,35.53718948,4.23255825,0.971920252,5,21,48.83720779,,Professors in Department,4.029936831,0.979893574
Fall 2025 Core -4 16 Week 12/1-12/14 (1),PWL.202610.VIP.17911.028.13564,First Year Part In VIP I,wl.202610.VIP.17911.028.13564,737246-0,2,2,100,5,0,5,2,100,,Professors in Department,4.029936831,0.979893574
Fall 2025 Core -4 16 Week 12/1-12/14 (1),PWL.202610.VIP.47920.028.10446,Senior Part In VIP,wl.202610.VIP.47920.028.10446,737246-0,14,13,92.85713959,5,0,5,13,100,,Professors in Department,4.029936831,0.979893574
Spring 2023 Core 10 16 Week 4/17-4/30 Co-admin,wl.202320.ECE.46100.001.19730,Software Engineering,wl.202320.ECE.46100.001.19730,737246-0,143,70,48.9510498,4.08571434,1.163986921,1,4,5.714285851,,Professors in Department,4.029936831,0.979893574
Spring 2023 Core 10 16 Week 4/17-4/30 Co-admin,wl.202320.ECE.46100.001.19730,Software Engineering,wl.202320.ECE.46100.001.19730,737246-0,143,70,48.9510498,4.08571434,1.163986921,2,5,7.142857075,,Professors in Department,4.029936831,0.979893574
Spring 2023 Core 10 16 Week 4/17-4/30 Co-admin,wl.202320.ECE.46100.001.19730,Software Engineering,wl.202320.ECE.46100.001.19730,737246-0,143,70,48.9510498,4.08571434,1.163986921,3,5,7.142857075,,Professors in Department,4.029936831,0.979893574
Spring 2023 Core 10 16 Week 4/17-4/30 Co-admin,wl.202320.ECE.46100.001.19730,Software Engineering,wl.202320.ECE.46100.001.19730,737246-0,143,70,48.9510498,4.08571434,1.163986921,4,23,32.8571434,,Professors in Department,4.029936831,0.979893574
Spring 2023 Core 10 16 Week 4/17-4/30 Co-admin,wl.202320.ECE.46100.001.19730,Software Engineering,wl.202320.ECE.46100.001.19730,737246-0,143,70,48.9510498,4.08571434,1.163986921,5,33,47.1428566,,Professors in Department,4.029936831,0.979893574
Spring 2023 Core -4 16 Week 4/17-4/30,wl.202320.VIP.17920.023.22402,First Year Part In VIP,wl.202320.VIP.17920.023.22402,737246-0,15,12,80,4.416666508,0.514928639,4,7,58.33333206,,Professors in Department,4.029936831,0.979893574
Spring 2023 Core -4 16 Week 4/17-4/30,wl.202320.VIP.17920.023.22402,First Year Part In VIP,wl.202320.VIP.17920.023.22402,737246-0,15,12,80,4.416666508,0.514928639,5,5,41.66666794,,Professors in Department,4.029936831,0.979893574
Spring 2024 16 Week 4/15-4/28 (1),wl.202420.ECE.69900.032.61441,Research PhD Thesis,wl.202420.ECE.69900.032.61441,737246-0,4,1,25,5,0,5,1,100,,Professors in Department,4.029936831,0.979893574
Spring 2024 Core -4 16 Week 4/15-4/28,wl.202420.ECE.59500.043.22205,Advanced Software Engineering,wl.202420.ECE.59500.043.22205,737246-0,27,15,55.55555725,4.866666794,0.351865768,4,2,13.33333302,,Professors in Department,4.029936831,0.979893574
Spring 2024 Core -4 16 Week 4/15-4/28,wl.202420.ECE.59500.043.22205,Advanced Software Engineering,wl.202420.ECE.59500.043.22205,737246-0,27,15,55.55555725,4.866666794,0.351865768,5,13,86.66666412,,Professors in Department,4.029936831,0.979893574
Spring 2024 Core -4 16 Week 4/15-4/28,wl.202420.VIP.17920.023.22402,First Year Part In VIP,wl.202420.VIP.17920.023.22402,737246-0,14,13,92.85713959,4.461538315,0.660225272,3,1,7.692307472,,Professors in Department,4.029936831,0.979893574
Spring 2024 Core -4 16 Week 4/15-4/28,wl.202420.VIP.17920.023.22402,First Year Part In VIP,wl.202420.VIP.17920.023.22402,737246-0,14,13,92.85713959,4.461538315,0.660225272,4,5,38.46154022,,Professors in Department,4.029936831,0.979893574
Spring 2024 Core -4 16 Week 4/15-4/28,wl.202420.VIP.17920.023.22402,First Year Part In VIP,wl.202420.VIP.17920.023.22402,737246-0,14,13,92.85713959,4.461538315,0.660225272,5,7,53.84615326,,Professors in Department,4.029936831,0.979893574
Spring 2025 Core -4 16 Week 4/21-5/4,PWL.202520.VIP.17910.023.29155,First-Year Part In VIP Lim,wl.202520.VIP.17910.023.29155,737246-0,3,2,66.66666412,4.5,0.707106769,4,1,50,,Professors in Department,4.029936831,0.979893574
Spring 2025 Core -4 16 Week 4/21-5/4,PWL.202520.VIP.17910.023.29155,First-Year Part In VIP Lim,wl.202520.VIP.17910.023.29155,737246-0,3,2,66.66666412,4.5,0.707106769,5,1,50,,Professors in Department,4.029936831,0.979893574
Spring 2025 Core -4 16 Week 4/21-5/4,PWL.202520.VIP.27920.023.22404,Soph Part In VIP,wl.202520.VIP.27920.023.22404,737246-0,14,8,57.1428566,4.5,0.534522474,4,4,50,,Professors in Department,4.029936831,0.979893574
Spring 2025 Core -4 16 Week 4/21-5/4,PWL.202520.VIP.27920.023.22404,Soph Part In VIP,wl.202520.VIP.27920.023.22404,737246-0,14,8,57.1428566,4.5,0.534522474,5,4,50,,Professors in Department,4.029936831,0.979893574
Spring 2025 Core -4 16 Week 4/21-5/4,PWL.202520.VIP.47921.023.28751,Senior Design Part In VIP I,wl.202520.VIP.47921.023.28751,737246-0,9,7,77.77777863,4.428571224,0.534522474,4,4,57.1428566,,Professors in Department,4.029936831,0.979893574
Spring 2025 Core -4 16 Week 4/21-5/4,PWL.202520.VIP.47921.023.28751,Senior Design Part In VIP I,wl.202520.VIP.47921.023.28751,737246-0,9,7,77.77777863,4.428571224,0.534522474,5,3,42.8571434,,Professors in Department,4.029936831,0.979893574
Spring 2026 Core -4 16 Week 4/20-5/3,CEC.202620.ECE.50874.EPE.40360,Advanced Software Engineering,wl.202620.ECE.50874.EPE.40360,737246-0,25,8,32,3.75,1.581138849,1,1,12.5,,Professors in Department,4.029936831,0.979893574
Spring 2026 Core -4 16 Week 4/20-5/3,CEC.202620.ECE.50874.EPE.40360,Advanced Software Engineering,wl.202620.ECE.50874.EPE.40360,737246-0,25,8,32,3.75,1.581138849,2,1,12.5,,Professors in Department,4.029936831,0.979893574
Spring 2026 Core -4 16 Week 4/20-5/3,CEC.202620.ECE.50874.EPE.40360,Advanced Software Engineering,wl.202620.ECE.50874.EPE.40360,737246-0,25,8,32,3.75,1.581138849,3,1,12.5,,Professors in Department,4.029936831,0.979893574
Spring 2026 Core -4 16 Week 4/20-5/3,CEC.202620.ECE.50874.EPE.40360,Advanced Software Engineering,wl.202620.ECE.50874.EPE.40360,737246-0,25,8,32,3.75,1.581138849,4,1,12.5,,Professors in Department,4.029936831,0.979893574
Spring 2026 Core -4 16 Week 4/20-5/3,CEC.202620.ECE.50874.EPE.40360,Advanced Software Engineering,wl.202620.ECE.50874.EPE.40360,737246-0,25,8,32,3.75,1.581138849,5,4,50,,Professors in Department,4.029936831,0.979893574
Spring 2026 Core -4 16 Week 4/20-5/3,PWL.202620.ECE.50874.001.36075,Advanced Software Engineering,wl.202620.ECE.50874.001.36075,737246-0,24,10,41.66666794,4.900000095,0.316227764,4,1,10,,Professors in Department,4.029936831,0.979893574
Spring 2026 Core -4 16 Week 4/20-5/3,PWL.202620.ECE.50874.001.36075,Advanced Software Engineering,wl.202620.ECE.50874.001.36075,737246-0,24,10,41.66666794,4.900000095,0.316227764,5,9,90,,Professors in Department,4.029936831,0.979893574
Spring 2026 Core -4 16 Week 4/20-5/3,PWL.202620.ECE.50874.002.36076,Advanced Software Engineering,wl.202620.ECE.50874.002.36076,737246-0,5,2,40,5,0,5,2,100,,Professors in Department,4.029936831,0.979893574
Spring 2026 Core -4 16 Week 4/20-5/3,PWL.202620.VIP.27920.028.22031,Soph Part In VIP,wl.202620.VIP.27920.028.22031,737246-0,21,17,80.95237732,4.705882549,0.46966821,4,5,29.41176414,,Professors in Department,4.029936831,0.979893574
Spring 2026 Core -4 16 Week 4/20-5/3,PWL.202620.VIP.27920.028.22031,Soph Part In VIP,wl.202620.VIP.27920.028.22031,737246-0,21,17,80.95237732,4.705882549,0.46966821,5,12,70.58823395,,Professors in Department,4.029936831,0.979893574
Fall 2023 16 Week 11/27-12/10,wl.202410.ECE.69900.088.50065,Research PhD Thesis,wl.202410.ECE.69900.088.50065,737247-0,4,1,25,5,0,5,1,100,,Professors in Department,4.086972443,0.963791277
Fall 2023 Core -4 16 Week 11/27-12/10,wl.202410.ECE.46100.001.18613,Software Engineering,wl.202410.ECE.46100.001.18613,737247-0,72,26,36.11111069,4.538461685,0.581774473,3,1,3.846153736,,Professors in Department,4.086972443,0.963791277
Fall 2023 Core -4 16 Week 11/27-12/10,wl.202410.ECE.46100.001.18613,Software Engineering,wl.202410.ECE.46100.001.18613,737247-0,72,26,36.11111069,4.538461685,0.581774473,4,10,38.46154022,,Professors in Department,4.086972443,0.963791277
Fall 2023 Core -4 16 Week 11/27-12/10,wl.202410.ECE.46100.001.18613,Software Engineering,wl.202410.ECE.46100.001.18613,737247-0,72,26,36.11111069,4.538461685,0.581774473,5,15,57.69230652,,Professors in Department,4.086972443,0.963791277
Fall 2023 Core -4 16 Week 11/27-12/10,wl.202410.VIP.17920.023.11485,First Year Part In VIP,wl.202410.VIP.17920.023.11485,737247-0,1,1,100,5,0,5,1,100,,Professors in Department,4.086972443,0.963791277
Fall 2023 Core -4 16 Week 11/27-12/10,wl.202410.VIP.27920.023.11487,Soph Part In VIP,wl.202410.VIP.27920.023.11487,737247-0,7,5,71.42857361,4.800000191,0.44721359,4,1,20,,Professors in Department,4.086972443,0.963791277
Fall 2023 Core -4 16 Week 11/27-12/10,wl.202410.VIP.27920.023.11487,Soph Part In VIP,wl.202410.VIP.27920.023.11487,737247-0,7,5,71.42857361,4.800000191,0.44721359,5,4,80,,Professors in Department,4.086972443,0.963791277
Fall 2023 Core -4 16 Week 11/27-12/10,wl.202410.VIP.37920.023.11525,Junior Part In VIP,wl.202410.VIP.37920.023.11525,737247-0,3,3,100,5,0,5,3,100,,Professors in Department,4.086972443,0.963791277
Fall 2023 Core -4 16 Week 11/27-12/10,wl.202410.VIP.47920.023.10351,Senior Part In VIP,wl.202410.VIP.47920.023.10351,737247-0,1,1,100,5,0,5,1,100,,Professors in Department,4.086972443,0.963791277
Fall 2023 Core -4 16 Week 11/27-12/10,wl.202410.VIP.47921.023.11526,Senior Design Part In VIP I,wl.202410.VIP.47921.023.11526,737247-0,3,3,100,4.666666508,0.577350259,4,1,33.33333206,,Professors in Department,4.086972443,0.963791277
Fall 2023 Core -4 16 Week 11/27-12/10,wl.202410.VIP.47921.023.11526,Senior Design Part In VIP I,wl.202410.VIP.47921.023.11526,737247-0,3,3,100,4.666666508,0.577350259,5,2,66.66666412,,Professors in Department,4.086972443,0.963791277
Fall 2023 Core -4 16 Week 11/27-12/10,wl.202410.VIP.47922.023.11512,Senior Design Part In VIP II,wl.202410.VIP.47922.023.11512,737247-0,1,1,100,5,0,5,1,100,,Professors in Department,4.086972443,0.963791277
Fall 2024 16 Week 11/25-12/8 (1),PWL.202510.ECE.46100.001.18613,Software Engineering,wl.202510.ECE.46100.001.18613,737247-0,130,55,42.30769348,4.327272892,0.771111429,2,2,3.636363745,,Professors in Department,4.086972443,0.963791277
Fall 2024 16 Week 11/25-12/8 (1),PWL.202510.ECE.46100.001.18613,Software Engineering,wl.202510.ECE.46100.001.18613,737247-0,130,55,42.30769348,4.327272892,0.771111429,3,4,7.272727489,,Professors in Department,4.086972443,0.963791277
Fall 2024 16 Week 11/25-12/8 (1),PWL.202510.ECE.46100.001.18613,Software Engineering,wl.202510.ECE.46100.001.18613,737247-0,130,55,42.30769348,4.327272892,0.771111429,4,23,41.81818008,,Professors in Department,4.086972443,0.963791277
Fall 2024 16 Week 11/25-12/8 (1),PWL.202510.ECE.46100.001.18613,Software Engineering,wl.202510.ECE.46100.001.18613,737247-0,130,55,42.30769348,4.327272892,0.771111429,5,26,47.27272797,,Professors in Department,4.086972443,0.963791277
Fall 2024 Core -4 16 Week 11/25-12/8,PWL.202510.VIP.47920.023.10351,Senior Part In VIP,wl.202510.VIP.47920.023.10351,737247-0,18,17,94.44444275,4.764705658,0.437237322,4,4,23.52941132,,Professors in Department,4.086972443,0.963791277
Fall 2024 Core -4 16 Week 11/25-12/8,PWL.202510.VIP.47920.023.10351,Senior Part In VIP,wl.202510.VIP.47920.023.10351,737247-0,18,17,94.44444275,4.764705658,0.437237322,5,13,76.47058868,,Professors in Department,4.086972443,0.963791277
Fall 2025 Core -4 16 Week 12/1-12/14 (1),PWL.202610.ECE.30861.001.28647,Software Engineering,wl.202610.ECE.30861.001.28647,737247-0,121,43,35.53718948,4.302325726,0.988863766,1,1,2.325581312,,Professors in Department,4.086972443,0.963791277
Fall 2025 Core -4 16 Week 12/1-12/14 (1),PWL.202610.ECE.30861.001.28647,Software Engineering,wl.202610.ECE.30861.001.28647,737247-0,121,43,35.53718948,4.302325726,0.988863766,2,2,4.651162624,,Professors in Department,4.086972443,0.963791277
Fall 2025 Core -4 16 Week 12/1-12/14 (1),PWL.202610.ECE.30861.001.28647,Software Engineering,wl.202610.ECE.30861.001.28647,737247-0,121,43,35.53718948,4.302325726,0.988863766,3,4,9.302325249,,Professors in Department,4.086972443,0.963791277
Fall 2025 Core -4 16 Week 12/1-12/14 (1),PWL.202610.ECE.30861.001.28647,Software Engineering,wl.202610.ECE.30861.001.28647,737247-0,121,43,35.53718948,4.302325726,0.988863766,4,12,27.9069767,,Professors in Department,4.086972443,0.963791277
Fall 2025 Core -4 16 Week 12/1-12/14 (1),PWL.202610.ECE.30861.001.28647,Software Engineering,wl.202610.ECE.30861.001.28647,737247-0,121,43,35.53718948,4.302325726,0.988863766,5,24,55.8139534,,Professors in Department,4.086972443,0.963791277
Fall 2025 Core -4 16 Week 12/1-12/14 (1),PWL.202610.VIP.17911.028.13564,First Year Part In VIP I,wl.202610.VIP.17911.028.13564,737247-0,2,2,100,5,0,5,2,100,,Professors in Department,4.086972443,0.963791277
Fall 2025 Core -4 16 Week 12/1-12/14 (1),PWL.202610.VIP.47920.028.10446,Senior Part In VIP,wl.202610.VIP.47920.028.10446,737247-0,14,13,92.85713959,5,0,5,13,100,,Professors in Department,4.086972443,0.963791277
Spring 2023 Core 10 16 Week 4/17-4/30 Co-admin,wl.202320.ECE.46100.001.19730,Software Engineering,wl.202320.ECE.46100.001.19730,737247-0,143,70,48.9510498,4.185714245,1.080698371,1,3,4.285714149,,Professors in Department,4.086972443,0.963791277
Spring 2023 Core 10 16 Week 4/17-4/30 Co-admin,wl.202320.ECE.46100.001.19730,Software Engineering,wl.202320.ECE.46100.001.19730,737247-0,143,70,48.9510498,4.185714245,1.080698371,2,3,4.285714149,,Professors in Department,4.086972443,0.963791277
Spring 2023 Core 10 16 Week 4/17-4/30 Co-admin,wl.202320.ECE.46100.001.19730,Software Engineering,wl.202320.ECE.46100.001.19730,737247-0,143,70,48.9510498,4.185714245,1.080698371,3,8,11.4285717,,Professors in Department,4.086972443,0.963791277
Spring 2023 Core 10 16 Week 4/17-4/30 Co-admin,wl.202320.ECE.46100.001.19730,Software Engineering,wl.202320.ECE.46100.001.19730,737247-0,143,70,48.9510498,4.185714245,1.080698371,4,20,28.5714283,,Professors in Department,4.086972443,0.963791277
Spring 2023 Core 10 16 Week 4/17-4/30 Co-admin,wl.202320.ECE.46100.001.19730,Software Engineering,wl.202320.ECE.46100.001.19730,737247-0,143,70,48.9510498,4.185714245,1.080698371,5,36,51.42856979,,Professors in Department,4.086972443,0.963791277
Spring 2023 Core -4 16 Week 4/17-4/30,wl.202320.VIP.17920.023.22402,First Year Part In VIP,wl.202320.VIP.17920.023.22402,737247-0,15,12,80,4.25,0.753778338,3,2,16.66666603,,Professors in Department,4.086972443,0.963791277
Spring 2023 Core -4 16 Week 4/17-4/30,wl.202320.VIP.17920.023.22402,First Year Part In VIP,wl.202320.VIP.17920.023.22402,737247-0,15,12,80,4.25,0.753778338,4,5,41.66666794,,Professors in Department,4.086972443,0.963791277
Spring 2023 Core -4 16 Week 4/17-4/30,wl.202320.VIP.17920.023.22402,First Year Part In VIP,wl.202320.VIP.17920.023.22402,737247-0,15,12,80,4.25,0.753778338,5,5,41.66666794,,Professors in Department,4.086972443,0.963791277
Spring 2024 16 Week 4/15-4/28 (1),wl.202420.ECE.69900.032.61441,Research PhD Thesis,wl.202420.ECE.69900.032.61441,737247-0,4,1,25,5,0,5,1,100,,Professors in Department,4.086972443,0.963791277
Spring 2024 Core -4 16 Week 4/15-4/28,wl.202420.ECE.59500.043.22205,Advanced Software Engineering,wl.202420.ECE.59500.043.22205,737247-0,27,15,55.55555725,4.933333397,0.258198887,4,1,6.666666508,,Professors in Department,4.086972443,0.963791277
Spring 2024 Core -4 16 Week 4/15-4/28,wl.202420.ECE.59500.043.22205,Advanced Software Engineering,wl.202420.ECE.59500.043.22205,737247-0,27,15,55.55555725,4.933333397,0.258198887,5,14,93.33333588,,Professors in Department,4.086972443,0.963791277
Spring 2024 Core -4 16 Week 4/15-4/28,wl.202420.VIP.17920.023.22402,First Year Part In VIP,wl.202420.VIP.17920.023.22402,737247-0,14,13,92.85713959,4.615384579,0.50636971,4,5,38.46154022,,Professors in Department,4.086972443,0.963791277
Spring 2024 Core -4 16 Week 4/15-4/28,wl.202420.VIP.17920.023.22402,First Year Part In VIP,wl.202420.VIP.17920.023.22402,737247-0,14,13,92.85713959,4.615384579,0.50636971,5,8,61.53845978,,Professors in Department,4.086972443,0.963791277
Spring 2025 Core -4 16 Week 4/21-5/4,PWL.202520.VIP.17910.023.29155,First-Year Part In VIP Lim,wl.202520.VIP.17910.023.29155,737247-0,3,2,66.66666412,5,0,5,2,100,,Professors in Department,4.086972443,0.963791277
Spring 2025 Core -4 16 Week 4/21-5/4,PWL.202520.VIP.27920.023.22404,Soph Part In VIP,wl.202520.VIP.27920.023.22404,737247-0,14,8,57.1428566,4.5,0.534522474,4,4,50,,Professors in Department,4.086972443,0.963791277
Spring 2025 Core -4 16 Week 4/21-5/4,PWL.202520.VIP.27920.023.22404,Soph Part In VIP,wl.202520.VIP.27920.023.22404,737247-0,14,8,57.1428566,4.5,0.534522474,5,4,50,,Professors in Department,4.086972443,0.963791277
Spring 2025 Core -4 16 Week 4/21-5/4,PWL.202520.VIP.47921.023.28751,Senior Design Part In VIP I,wl.202520.VIP.47921.023.28751,737247-0,9,7,77.77777863,4.571428776,0.534522474,4,3,42.8571434,,Professors in Department,4.086972443,0.963791277
Spring 2025 Core -4 16 Week 4/21-5/4,PWL.202520.VIP.47921.023.28751,Senior Design Part In VIP I,wl.202520.VIP.47921.023.28751,737247-0,9,7,77.77777863,4.571428776,0.534522474,5,4,57.1428566,,Professors in Department,4.086972443,0.963791277
Spring 2026 Core -4 16 Week 4/20-5/3,CEC.202620.ECE.50874.EPE.40360,Advanced Software Engineering,wl.202620.ECE.50874.EPE.40360,737247-0,25,8,32,3.75,1.581138849,1,1,12.5,,Professors in Department,4.086972443,0.963791277
Spring 2026 Core -4 16 Week 4/20-5/3,CEC.202620.ECE.50874.EPE.40360,Advanced Software Engineering,wl.202620.ECE.50874.EPE.40360,737247-0,25,8,32,3.75,1.581138849,2,1,12.5,,Professors in Department,4.086972443,0.963791277
Spring 2026 Core -4 16 Week 4/20-5/3,CEC.202620.ECE.50874.EPE.40360,Advanced Software Engineering,wl.202620.ECE.50874.EPE.40360,737247-0,25,8,32,3.75,1.581138849,3,1,12.5,,Professors in Department,4.086972443,0.963791277
Spring 2026 Core -4 16 Week 4/20-5/3,CEC.202620.ECE.50874.EPE.40360,Advanced Software Engineering,wl.202620.ECE.50874.EPE.40360,737247-0,25,8,32,3.75,1.581138849,4,1,12.5,,Professors in Department,4.086972443,0.963791277
Spring 2026 Core -4 16 Week 4/20-5/3,CEC.202620.ECE.50874.EPE.40360,Advanced Software Engineering,wl.202620.ECE.50874.EPE.40360,737247-0,25,8,32,3.75,1.581138849,5,4,50,,Professors in Department,4.086972443,0.963791277
Spring 2026 Core -4 16 Week 4/20-5/3,PWL.202620.ECE.50874.001.36075,Advanced Software Engineering,wl.202620.ECE.50874.001.36075,737247-0,24,10,41.66666794,4.800000191,0.421637028,4,2,20,,Professors in Department,4.086972443,0.963791277
Spring 2026 Core -4 16 Week 4/20-5/3,PWL.202620.ECE.50874.001.36075,Advanced Software Engineering,wl.202620.ECE.50874.001.36075,737247-0,24,10,41.66666794,4.800000191,0.421637028,5,8,80,,Professors in Department,4.086972443,0.963791277
Spring 2026 Core -4 16 Week 4/20-5/3,PWL.202620.ECE.50874.002.36076,Advanced Software Engineering,wl.202620.ECE.50874.002.36076,737247-0,5,2,40,5,0,5,2,100,,Professors in Department,4.086972443,0.963791277
Spring 2026 Core -4 16 Week 4/20-5/3,PWL.202620.VIP.27920.028.22031,Soph Part In VIP,wl.202620.VIP.27920.028.22031,737247-0,21,17,80.95237732,4.705882549,0.46966821,4,5,29.41176414,,Professors in Department,4.086972443,0.963791277
Spring 2026 Core -4 16 Week 4/20-5/3,PWL.202620.VIP.27920.028.22031,Soph Part In VIP,wl.202620.VIP.27920.028.22031,737247-0,21,17,80.95237732,4.705882549,0.46966821,5,12,70.58823395,,Professors in Department,4.086972443,0.963791277
Fall 2023 16 Week 11/27-12/10,wl.202410.ECE.69900.088.50065,Research PhD Thesis,wl.202410.ECE.69900.088.50065,737248-0,4,1,25,5,0,5,1,100,,Professors in Department,4.068113156,0.928269908
Fall 2023 Core -4 16 Week 11/27-12/10,wl.202410.ECE.46100.001.18613,Software Engineering,wl.202410.ECE.46100.001.18613,737248-0,72,26,36.11111069,4.538461685,0.581774473,3,1,3.846153736,,Professors in Department,4.068113156,0.928269908
Fall 2023 Core -4 16 Week 11/27-12/10,wl.202410.ECE.46100.001.18613,Software Engineering,wl.202410.ECE.46100.001.18613,737248-0,72,26,36.11111069,4.538461685,0.581774473,4,10,38.46154022,,Professors in Department,4.068113156,0.928269908
Fall 2023 Core -4 16 Week 11/27-12/10,wl.202410.ECE.46100.001.18613,Software Engineering,wl.202410.ECE.46100.001.18613,737248-0,72,26,36.11111069,4.538461685,0.581774473,5,15,57.69230652,,Professors in Department,4.068113156,0.928269908
Fall 2023 Core -4 16 Week 11/27-12/10,wl.202410.VIP.17920.023.11485,First Year Part In VIP,wl.202410.VIP.17920.023.11485,737248-0,1,1,100,3,0,3,1,100,,Professors in Department,4.068113156,0.928269908
Fall 2023 Core -4 16 Week 11/27-12/10,wl.202410.VIP.27920.023.11487,Soph Part In VIP,wl.202410.VIP.27920.023.11487,737248-0,7,5,71.42857361,4.800000191,0.44721359,4,1,20,,Professors in Department,4.068113156,0.928269908
Fall 2023 Core -4 16 Week 11/27-12/10,wl.202410.VIP.27920.023.11487,Soph Part In VIP,wl.202410.VIP.27920.023.11487,737248-0,7,5,71.42857361,4.800000191,0.44721359,5,4,80,,Professors in Department,4.068113156,0.928269908
Fall 2023 Core -4 16 Week 11/27-12/10,wl.202410.VIP.37920.023.11525,Junior Part In VIP,wl.202410.VIP.37920.023.11525,737248-0,3,3,100,4.666666508,0.577350259,4,1,33.33333206,,Professors in Department,4.068113156,0.928269908
Fall 2023 Core -4 16 Week 11/27-12/10,wl.202410.VIP.37920.023.11525,Junior Part In VIP,wl.202410.VIP.37920.023.11525,737248-0,3,3,100,4.666666508,0.577350259,5,2,66.66666412,,Professors in Department,4.068113156,0.928269908
Fall 2023 Core -4 16 Week 11/27-12/10,wl.202410.VIP.47920.023.10351,Senior Part In VIP,wl.202410.VIP.47920.023.10351,737248-0,1,1,100,5,0,5,1,100,,Professors in Department,4.068113156,0.928269908
Fall 2023 Core -4 16 Week 11/27-12/10,wl.202410.VIP.47921.023.11526,Senior Design Part In VIP I,wl.202410.VIP.47921.023.11526,737248-0,3,3,100,5,0,5,3,100,,Professors in Department,4.068113156,0.928269908
Fall 2023 Core -4 16 Week 11/27-12/10,wl.202410.VIP.47922.023.11512,Senior Design Part In VIP II,wl.202410.VIP.47922.023.11512,737248-0,1,1,100,5,0,5,1,100,,Professors in Department,4.068113156,0.928269908
Fall 2024 16 Week 11/25-12/8 (1),PWL.202510.ECE.46100.001.18613,Software Engineering,wl.202510.ECE.46100.001.18613,737248-0,130,55,42.30769348,4.472727299,0.604138374,3,3,5.454545498,,Professors in Department,4.068113156,0.928269908
Fall 2024 16 Week 11/25-12/8 (1),PWL.202510.ECE.46100.001.18613,Software Engineering,wl.202510.ECE.46100.001.18613,737248-0,130,55,42.30769348,4.472727299,0.604138374,4,23,41.81818008,,Professors in Department,4.068113156,0.928269908
Fall 2024 16 Week 11/25-12/8 (1),PWL.202510.ECE.46100.001.18613,Software Engineering,wl.202510.ECE.46100.001.18613,737248-0,130,55,42.30769348,4.472727299,0.604138374,5,29,52.72727203,,Professors in Department,4.068113156,0.928269908
Fall 2024 Core -4 16 Week 11/25-12/8,PWL.202510.VIP.47920.023.10351,Senior Part In VIP,wl.202510.VIP.47920.023.10351,737248-0,18,17,94.44444275,4.529411793,0.717430055,3,2,11.76470566,,Professors in Department,4.068113156,0.928269908
Fall 2024 Core -4 16 Week 11/25-12/8,PWL.202510.VIP.47920.023.10351,Senior Part In VIP,wl.202510.VIP.47920.023.10351,737248-0,18,17,94.44444275,4.529411793,0.717430055,4,4,23.52941132,,Professors in Department,4.068113156,0.928269908
Fall 2024 Core -4 16 Week 11/25-12/8,PWL.202510.VIP.47920.023.10351,Senior Part In VIP,wl.202510.VIP.47920.023.10351,737248-0,18,17,94.44444275,4.529411793,0.717430055,5,11,64.70587921,,Professors in Department,4.068113156,0.928269908
Fall 2025 Core -4 16 Week 12/1-12/14 (1),PWL.202610.ECE.30861.001.28647,Software Engineering,wl.202610.ECE.30861.001.28647,737248-0,121,43,35.53718948,4.372093201,0.873505712,1,1,2.325581312,,Professors in Department,4.068113156,0.928269908
Fall 2025 Core -4 16 Week 12/1-12/14 (1),PWL.202610.ECE.30861.001.28647,Software Engineering,wl.202610.ECE.30861.001.28647,737248-0,121,43,35.53718948,4.372093201,0.873505712,3,5,11.6279068,,Professors in Department,4.068113156,0.928269908
Fall 2025 Core -4 16 Week 12/1-12/14 (1),PWL.202610.ECE.30861.001.28647,Software Engineering,wl.202610.ECE.30861.001.28647,737248-0,121,43,35.53718948,4.372093201,0.873505712,4,13,30.2325573,,Professors in Department,4.068113156,0.928269908
Fall 2025 Core -4 16 Week 12/1-12/14 (1),PWL.202610.ECE.30861.001.28647,Software Engineering,wl.202610.ECE.30861.001.28647,737248-0,121,43,35.53718948,4.372093201,0.873505712,5,24,55.8139534,,Professors in Department,4.068113156,0.928269908
Fall 2025 Core -4 16 Week 12/1-12/14 (1),PWL.202610.VIP.17911.028.13564,First Year Part In VIP I,wl.202610.VIP.17911.028.13564,737248-0,2,2,100,5,0,5,2,100,,Professors in Department,4.068113156,0.928269908
Fall 2025 Core -4 16 Week 12/1-12/14 (1),PWL.202610.VIP.47920.028.10446,Senior Part In VIP,wl.202610.VIP.47920.028.10446,737248-0,14,13,92.85713959,4.923077106,0.277350098,4,1,7.692307472,,Professors in Department,4.068113156,0.928269908
Fall 2025 Core -4 16 Week 12/1-12/14 (1),PWL.202610.VIP.47920.028.10446,Senior Part In VIP,wl.202610.VIP.47920.028.10446,737248-0,14,13,92.85713959,4.923077106,0.277350098,5,12,92.30769348,,Professors in Department,4.068113156,0.928269908
Spring 2023 Core 10 16 Week 4/17-4/30 Co-admin,wl.202320.ECE.46100.001.19730,Software Engineering,wl.202320.ECE.46100.001.19730,737248-0,143,70,48.9510498,4.214285851,0.930838108,1,2,2.857142925,,Professors in Department,4.068113156,0.928269908
Spring 2023 Core 10 16 Week 4/17-4/30 Co-admin,wl.202320.ECE.46100.001.19730,Software Engineering,wl.202320.ECE.46100.001.19730,737248-0,143,70,48.9510498,4.214285851,0.930838108,2,2,2.857142925,,Professors in Department,4.068113156,0.928269908
Spring 2023 Core 10 16 Week 4/17-4/30 Co-admin,wl.202320.ECE.46100.001.19730,Software Engineering,wl.202320.ECE.46100.001.19730,737248-0,143,70,48.9510498,4.214285851,0.930838108,3,6,8.571428299,,Professors in Department,4.068113156,0.928269908
Spring 2023 Core 10 16 Week 4/17-4/30 Co-admin,wl.202320.ECE.46100.001.19730,Software Engineering,wl.202320.ECE.46100.001.19730,737248-0,143,70,48.9510498,4.214285851,0.930838108,4,29,41.42856979,,Professors in Department,4.068113156,0.928269908
Spring 2023 Core 10 16 Week 4/17-4/30 Co-admin,wl.202320.ECE.46100.001.19730,Software Engineering,wl.202320.ECE.46100.001.19730,737248-0,143,70,48.9510498,4.214285851,0.930838108,5,31,44.2857132,,Professors in Department,4.068113156,0.928269908
Spring 2023 Core -4 16 Week 4/17-4/30,wl.202320.VIP.17920.023.22402,First Year Part In VIP,wl.202320.VIP.17920.023.22402,737248-0,15,12,80,4.25,0.621581554,3,1,8.333333015,,Professors in Department,4.068113156,0.928269908
Spring 2023 Core -4 16 Week 4/17-4/30,wl.202320.VIP.17920.023.22402,First Year Part In VIP,wl.202320.VIP.17920.023.22402,737248-0,15,12,80,4.25,0.621581554,4,7,58.33333206,,Professors in Department,4.068113156,0.928269908
Spring 2023 Core -4 16 Week 4/17-4/30,wl.202320.VIP.17920.023.22402,First Year Part In VIP,wl.202320.VIP.17920.023.22402,737248-0,15,12,80,4.25,0.621581554,5,4,33.33333206,,Professors in Department,4.068113156,0.928269908
Spring 2024 16 Week 4/15-4/28 (1),wl.202420.ECE.69900.032.61441,Research PhD Thesis,wl.202420.ECE.69900.032.61441,737248-0,4,1,25,5,0,5,1,100,,Professors in Department,4.068113156,0.928269908
Spring 2024 Core -4 16 Week 4/15-4/28,wl.202420.ECE.59500.043.22205,Advanced Software Engineering,wl.202420.ECE.59500.043.22205,737248-0,27,15,55.55555725,4.800000191,0.414039344,4,3,20,,Professors in Department,4.068113156,0.928269908
Spring 2024 Core -4 16 Week 4/15-4/28,wl.202420.ECE.59500.043.22205,Advanced Software Engineering,wl.202420.ECE.59500.043.22205,737248-0,27,15,55.55555725,4.800000191,0.414039344,5,12,80,,Professors in Department,4.068113156,0.928269908
Spring 2024 Core -4 16 Week 4/15-4/28,wl.202420.VIP.17920.023.22402,First Year Part In VIP,wl.202420.VIP.17920.023.22402,737248-0,14,13,92.85713959,4.461538315,0.776250005,3,2,15.38461494,,Professors in Department,4.068113156,0.928269908
Spring 2024 Core -4 16 Week 4/15-4/28,wl.202420.VIP.17920.023.22402,First Year Part In VIP,wl.202420.VIP.17920.023.22402,737248-0,14,13,92.85713959,4.461538315,0.776250005,4,3,23.07692337,,Professors in Department,4.068113156,0.928269908
Spring 2024 Core -4 16 Week 4/15-4/28,wl.202420.VIP.17920.023.22402,First Year Part In VIP,wl.202420.VIP.17920.023.22402,737248-0,14,13,92.85713959,4.461538315,0.776250005,5,8,61.53845978,,Professors in Department,4.068113156,0.928269908
Spring 2025 Core -4 16 Week 4/21-5/4,PWL.202520.VIP.17910.023.29155,First-Year Part In VIP Lim,wl.202520.VIP.17910.023.29155,737248-0,3,2,66.66666412,4.5,0.707106769,4,1,50,,Professors in Department,4.068113156,0.928269908
Spring 2025 Core -4 16 Week 4/21-5/4,PWL.202520.VIP.17910.023.29155,First-Year Part In VIP Lim,wl.202520.VIP.17910.023.29155,737248-0,3,2,66.66666412,4.5,0.707106769,5,1,50,,Professors in Department,4.068113156,0.928269908
Spring 2025 Core -4 16 Week 4/21-5/4,PWL.202520.VIP.27920.023.22404,Soph Part In VIP,wl.202520.VIP.27920.023.22404,737248-0,14,8,57.1428566,4.375,0.517549157,4,5,62.5,,Professors in Department,4.068113156,0.928269908
Spring 2025 Core -4 16 Week 4/21-5/4,PWL.202520.VIP.27920.023.22404,Soph Part In VIP,wl.202520.VIP.27920.023.22404,737248-0,14,8,57.1428566,4.375,0.517549157,5,3,37.5,,Professors in Department,4.068113156,0.928269908
Spring 2025 Core -4 16 Week 4/21-5/4,PWL.202520.VIP.47921.023.28751,Senior Design Part In VIP I,wl.202520.VIP.47921.023.28751,737248-0,9,7,77.77777863,4.142857075,1.214985847,2,1,14.28571415,,Professors in Department,4.068113156,0.928269908
Spring 2025 Core -4 16 Week 4/21-5/4,PWL.202520.VIP.47921.023.28751,Senior Design Part In VIP I,wl.202520.VIP.47921.023.28751,737248-0,9,7,77.77777863,4.142857075,1.214985847,3,1,14.28571415,,Professors in Department,4.068113156,0.928269908
Spring 2025 Core -4 16 Week 4/21-5/4,PWL.202520.VIP.47921.023.28751,Senior Design Part In VIP I,wl.202520.VIP.47921.023.28751,737248-0,9,7,77.77777863,4.142857075,1.214985847,4,1,14.28571415,,Professors in Department,4.068113156,0.928269908
Spring 2025 Core -4 16 Week 4/21-5/4,PWL.202520.VIP.47921.023.28751,Senior Design Part In VIP I,wl.202520.VIP.47921.023.28751,737248-0,9,7,77.77777863,4.142857075,1.214985847,5,4,57.1428566,,Professors in Department,4.068113156,0.928269908
Spring 2026 Core -4 16 Week 4/20-5/3,CEC.202620.ECE.50874.EPE.40360,Advanced Software Engineering,wl.202620.ECE.50874.EPE.40360,737248-0,25,8,32,3.75,1.581138849,1,1,12.5,,Professors in Department,4.068113156,0.928269908
Spring 2026 Core -4 16 Week 4/20-5/3,CEC.202620.ECE.50874.EPE.40360,Advanced Software Engineering,wl.202620.ECE.50874.EPE.40360,737248-0,25,8,32,3.75,1.581138849,2,1,12.5,,Professors in Department,4.068113156,0.928269908
Spring 2026 Core -4 16 Week 4/20-5/3,CEC.202620.ECE.50874.EPE.40360,Advanced Software Engineering,wl.202620.ECE.50874.EPE.40360,737248-0,25,8,32,3.75,1.581138849,3,1,12.5,,Professors in Department,4.068113156,0.928269908
Spring 2026 Core -4 16 Week 4/20-5/3,CEC.202620.ECE.50874.EPE.40360,Advanced Software Engineering,wl.202620.ECE.50874.EPE.40360,737248-0,25,8,32,3.75,1.581138849,4,1,12.5,,Professors in Department,4.068113156,0.928269908
Spring 2026 Core -4 16 Week 4/20-5/3,CEC.202620.ECE.50874.EPE.40360,Advanced Software Engineering,wl.202620.ECE.50874.EPE.40360,737248-0,25,8,32,3.75,1.581138849,5,4,50,,Professors in Department,4.068113156,0.928269908
Spring 2026 Core -4 16 Week 4/20-5/3,PWL.202620.ECE.50874.001.36075,Advanced Software Engineering,wl.202620.ECE.50874.001.36075,737248-0,24,10,41.66666794,4.599999905,0.699205875,3,1,10,,Professors in Department,4.068113156,0.928269908
Spring 2026 Core -4 16 Week 4/20-5/3,PWL.202620.ECE.50874.001.36075,Advanced Software Engineering,wl.202620.ECE.50874.001.36075,737248-0,24,10,41.66666794,4.599999905,0.699205875,4,2,20,,Professors in Department,4.068113156,0.928269908
Spring 2026 Core -4 16 Week 4/20-5/3,PWL.202620.ECE.50874.001.36075,Advanced Software Engineering,wl.202620.ECE.50874.001.36075,737248-0,24,10,41.66666794,4.599999905,0.699205875,5,7,70,,Professors in Department,4.068113156,0.928269908
Spring 2026 Core -4 16 Week 4/20-5/3,PWL.202620.ECE.50874.002.36076,Advanced Software Engineering,wl.202620.ECE.50874.002.36076,737248-0,5,2,40,5,0,5,2,100,,Professors in Department,4.068113156,0.928269908
Spring 2026 Core -4 16 Week 4/20-5/3,PWL.202620.VIP.27920.028.22031,Soph Part In VIP,wl.202620.VIP.27920.028.22031,737248-0,21,17,80.95237732,4.647058964,0.492592186,4,6,35.29411697,,Professors in Department,4.068113156,0.928269908
Spring 2026 Core -4 16 Week 4/20-5/3,PWL.202620.VIP.27920.028.22031,Soph Part In VIP,wl.202620.VIP.27920.028.22031,737248-0,21,17,80.95237732,4.647058964,0.492592186,5,11,64.70587921,,Professors in Department,4.068113156,0.928269908
Fall 2023 16 Week 11/27-12/10,wl.202410.ECE.69900.088.50065,Research PhD Thesis,wl.202410.ECE.69900.088.50065,737249-0,4,1,25,5,0,5,1,100,,Professors in Department,4.048613018,0.929938402
Fall 2023 Core -4 16 Week 11/27-12/10,wl.202410.ECE.46100.001.18613,Software Engineering,wl.202410.ECE.46100.001.18613,737249-0,72,26,36.11111069,4.423077106,0.643308759,3,2,7.692307472,,Professors in Department,4.048613018,0.929938402
Fall 2023 Core -4 16 Week 11/27-12/10,wl.202410.ECE.46100.001.18613,Software Engineering,wl.202410.ECE.46100.001.18613,737249-0,72,26,36.11111069,4.423077106,0.643308759,4,11,42.30769348,,Professors in Department,4.048613018,0.929938402
Fall 2023 Core -4 16 Week 11/27-12/10,wl.202410.ECE.46100.001.18613,Software Engineering,wl.202410.ECE.46100.001.18613,737249-0,72,26,36.11111069,4.423077106,0.643308759,5,13,50,,Professors in Department,4.048613018,0.929938402
Fall 2023 Core -4 16 Week 11/27-12/10,wl.202410.VIP.17920.023.11485,First Year Part In VIP,wl.202410.VIP.17920.023.11485,737249-0,1,1,100,5,0,5,1,100,,Professors in Department,4.048613018,0.929938402
Fall 2023 Core -4 16 Week 11/27-12/10,wl.202410.VIP.27920.023.11487,Soph Part In VIP,wl.202410.VIP.27920.023.11487,737249-0,7,5,71.42857361,4.800000191,0.44721359,4,1,20,,Professors in Department,4.048613018,0.929938402
Fall 2023 Core -4 16 Week 11/27-12/10,wl.202410.VIP.27920.023.11487,Soph Part In VIP,wl.202410.VIP.27920.023.11487,737249-0,7,5,71.42857361,4.800000191,0.44721359,5,4,80,,Professors in Department,4.048613018,0.929938402
Fall 2023 Core -4 16 Week 11/27-12/10,wl.202410.VIP.37920.023.11525,Junior Part In VIP,wl.202410.VIP.37920.023.11525,737249-0,3,3,100,4.666666508,0.577350259,4,1,33.33333206,,Professors in Department,4.048613018,0.929938402
Fall 2023 Core -4 16 Week 11/27-12/10,wl.202410.VIP.37920.023.11525,Junior Part In VIP,wl.202410.VIP.37920.023.11525,737249-0,3,3,100,4.666666508,0.577350259,5,2,66.66666412,,Professors in Department,4.048613018,0.929938402
Fall 2023 Core -4 16 Week 11/27-12/10,wl.202410.VIP.47920.023.10351,Senior Part In VIP,wl.202410.VIP.47920.023.10351,737249-0,1,1,100,5,0,5,1,100,,Professors in Department,4.048613018,0.929938402
Fall 2023 Core -4 16 Week 11/27-12/10,wl.202410.VIP.47921.023.11526,Senior Design Part In VIP I,wl.202410.VIP.47921.023.11526,737249-0,3,3,100,5,0,5,3,100,,Professors in Department,4.048613018,0.929938402
Fall 2023 Core -4 16 Week 11/27-12/10,wl.202410.VIP.47922.023.11512,Senior Design Part In VIP II,wl.202410.VIP.47922.023.11512,737249-0,1,1,100,5,0,5,1,100,,Professors in Department,4.048613018,0.929938402
Fall 2024 16 Week 11/25-12/8 (1),PWL.202510.ECE.46100.001.18613,Software Engineering,wl.202510.ECE.46100.001.18613,737249-0,130,55,42.30769348,3.927272797,1.033773065,1,2,3.636363745,,Professors in Department,4.048613018,0.929938402
Fall 2024 16 Week 11/25-12/8 (1),PWL.202510.ECE.46100.001.18613,Software Engineering,wl.202510.ECE.46100.001.18613,737249-0,130,55,42.30769348,3.927272797,1.033773065,2,3,5.454545498,,Professors in Department,4.048613018,0.929938402
Fall 2024 16 Week 11/25-12/8 (1),PWL.202510.ECE.46100.001.18613,Software Engineering,wl.202510.ECE.46100.001.18613,737249-0,130,55,42.30769348,3.927272797,1.033773065,3,10,18.18181801,,Professors in Department,4.048613018,0.929938402
Fall 2024 16 Week 11/25-12/8 (1),PWL.202510.ECE.46100.001.18613,Software Engineering,wl.202510.ECE.46100.001.18613,737249-0,130,55,42.30769348,3.927272797,1.033773065,4,22,40,,Professors in Department,4.048613018,0.929938402
Fall 2024 16 Week 11/25-12/8 (1),PWL.202510.ECE.46100.001.18613,Software Engineering,wl.202510.ECE.46100.001.18613,737249-0,130,55,42.30769348,3.927272797,1.033773065,5,18,32.72727203,,Professors in Department,4.048613018,0.929938402
Fall 2024 Core -4 16 Week 11/25-12/8,PWL.202510.VIP.47920.023.10351,Senior Part In VIP,wl.202510.VIP.47920.023.10351,737249-0,18,17,94.44444275,4.411764622,0.795206249,3,3,17.64705849,,Professors in Department,4.048613018,0.929938402
Fall 2024 Core -4 16 Week 11/25-12/8,PWL.202510.VIP.47920.023.10351,Senior Part In VIP,wl.202510.VIP.47920.023.10351,737249-0,18,17,94.44444275,4.411764622,0.795206249,4,4,23.52941132,,Professors in Department,4.048613018,0.929938402
Fall 2024 Core -4 16 Week 11/25-12/8,PWL.202510.VIP.47920.023.10351,Senior Part In VIP,wl.202510.VIP.47920.023.10351,737249-0,18,17,94.44444275,4.411764622,0.795206249,5,10,58.82352829,,Professors in Department,4.048613018,0.929938402
Fall 2025 Core -4 16 Week 12/1-12/14 (1),PWL.202610.ECE.30861.001.28647,Software Engineering,wl.202610.ECE.30861.001.28647,737249-0,121,43,35.53718948,4.23255825,0.921624064,1,1,2.325581312,,Professors in Department,4.048613018,0.929938402
Fall 2025 Core -4 16 Week 12/1-12/14 (1),PWL.202610.ECE.30861.001.28647,Software Engineering,wl.202610.ECE.30861.001.28647,737249-0,121,43,35.53718948,4.23255825,0.921624064,2,1,2.325581312,,Professors in Department,4.048613018,0.929938402
Fall 2025 Core -4 16 Week 12/1-12/14 (1),PWL.202610.ECE.30861.001.28647,Software Engineering,wl.202610.ECE.30861.001.28647,737249-0,121,43,35.53718948,4.23255825,0.921624064,3,5,11.6279068,,Professors in Department,4.048613018,0.929938402
Fall 2025 Core -4 16 Week 12/1-12/14 (1),PWL.202610.ECE.30861.001.28647,Software Engineering,wl.202610.ECE.30861.001.28647,737249-0,121,43,35.53718948,4.23255825,0.921624064,4,16,37.20930099,,Professors in Department,4.048613018,0.929938402
Fall 2025 Core -4 16 Week 12/1-12/14 (1),PWL.202610.ECE.30861.001.28647,Software Engineering,wl.202610.ECE.30861.001.28647,737249-0,121,43,35.53718948,4.23255825,0.921624064,5,20,46.5116272,,Professors in Department,4.048613018,0.929938402
Fall 2025 Core -4 16 Week 12/1-12/14 (1),PWL.202610.VIP.17911.028.13564,First Year Part In VIP I,wl.202610.VIP.17911.028.13564,737249-0,2,2,100,5,0,5,2,100,,Professors in Department,4.048613018,0.929938402
Fall 2025 Core -4 16 Week 12/1-12/14 (1),PWL.202610.VIP.47920.028.10446,Senior Part In VIP,wl.202610.VIP.47920.028.10446,737249-0,14,13,92.85713959,4.923077106,0.277350098,4,1,7.692307472,,Professors in Department,4.048613018,0.929938402
Fall 2025 Core -4 16 Week 12/1-12/14 (1),PWL.202610.VIP.47920.028.10446,Senior Part In VIP,wl.202610.VIP.47920.028.10446,737249-0,14,13,92.85713959,4.923077106,0.277350098,5,12,92.30769348,,Professors in Department,4.048613018,0.929938402
Spring 2023 Core 10 16 Week 4/17-4/30 Co-admin,wl.202320.ECE.46100.001.19730,Software Engineering,wl.202320.ECE.46100.001.19730,737249-0,143,70,48.9510498,4.17142868,0.900425494,1,1,1.428571463,,Professors in Department,4.048613018,0.929938402
Spring 2023 Core 10 16 Week 4/17-4/30 Co-admin,wl.202320.ECE.46100.001.19730,Software Engineering,wl.202320.ECE.46100.001.19730,737249-0,143,70,48.9510498,4.17142868,0.900425494,2,2,2.857142925,,Professors in Department,4.048613018,0.929938402
Spring 2023 Core 10 16 Week 4/17-4/30 Co-admin,wl.202320.ECE.46100.001.19730,Software Engineering,wl.202320.ECE.46100.001.19730,737249-0,143,70,48.9510498,4.17142868,0.900425494,3,11,15.71428585,,Professors in Department,4.048613018,0.929938402
Spring 2023 Core 10 16 Week 4/17-4/30 Co-admin,wl.202320.ECE.46100.001.19730,Software Engineering,wl.202320.ECE.46100.001.19730,737249-0,143,70,48.9510498,4.17142868,0.900425494,4,26,37.1428566,,Professors in Department,4.048613018,0.929938402
Spring 2023 Core 10 16 Week 4/17-4/30 Co-admin,wl.202320.ECE.46100.001.19730,Software Engineering,wl.202320.ECE.46100.001.19730,737249-0,143,70,48.9510498,4.17142868,0.900425494,5,30,42.8571434,,Professors in Department,4.048613018,0.929938402
Spring 2023 Core -4 16 Week 4/17-4/30,wl.202320.VIP.17920.023.22402,First Year Part In VIP,wl.202320.VIP.17920.023.22402,737249-0,15,12,80,4.166666508,0.937436879,2,1,8.333333015,,Professors in Department,4.048613018,0.929938402
Spring 2023 Core -4 16 Week 4/17-4/30,wl.202320.VIP.17920.023.22402,First Year Part In VIP,wl.202320.VIP.17920.023.22402,737249-0,15,12,80,4.166666508,0.937436879,3,1,8.333333015,,Professors in Department,4.048613018,0.929938402
Spring 2023 Core -4 16 Week 4/17-4/30,wl.202320.VIP.17920.023.22402,First Year Part In VIP,wl.202320.VIP.17920.023.22402,737249-0,15,12,80,4.166666508,0.937436879,4,5,41.66666794,,Professors in Department,4.048613018,0.929938402
Spring 2023 Core -4 16 Week 4/17-4/30,wl.202320.VIP.17920.023.22402,First Year Part In VIP,wl.202320.VIP.17920.023.22402,737249-0,15,12,80,4.166666508,0.937436879,5,5,41.66666794,,Professors in Department,4.048613018,0.929938402
Spring 2024 16 Week 4/15-4/28 (1),wl.202420.ECE.69900.032.61441,Research PhD Thesis,wl.202420.ECE.69900.032.61441,737249-0,4,1,25,5,0,5,1,100,,Professors in Department,4.048613018,0.929938402
Spring 2024 Core -4 16 Week 4/15-4/28,wl.202420.ECE.59500.043.22205,Advanced Software Engineering,wl.202420.ECE.59500.043.22205,737249-0,27,15,55.55555725,4.666666508,0.816496611,2,1,6.666666508,,Professors in Department,4.048613018,0.929938402
Spring 2024 Core -4 16 Week 4/15-4/28,wl.202420.ECE.59500.043.22205,Advanced Software Engineering,wl.202420.ECE.59500.043.22205,737249-0,27,15,55.55555725,4.666666508,0.816496611,4,2,13.33333302,,Professors in Department,4.048613018,0.929938402
Spring 2024 Core -4 16 Week 4/15-4/28,wl.202420.ECE.59500.043.22205,Advanced Software Engineering,wl.202420.ECE.59500.043.22205,737249-0,27,15,55.55555725,4.666666508,0.816496611,5,12,80,,Professors in Department,4.048613018,0.929938402
Spring 2024 Core -4 16 Week 4/15-4/28,wl.202420.VIP.17920.023.22402,First Year Part In VIP,wl.202420.VIP.17920.023.22402,737249-0,14,13,92.85713959,4.538461685,0.660225272,3,1,7.692307472,,Professors in Department,4.048613018,0.929938402
Spring 2024 Core -4 16 Week 4/15-4/28,wl.202420.VIP.17920.023.22402,First Year Part In VIP,wl.202420.VIP.17920.023.22402,737249-0,14,13,92.85713959,4.538461685,0.660225272,4,4,30.76922989,,Professors in Department,4.048613018,0.929938402
Spring 2024 Core -4 16 Week 4/15-4/28,wl.202420.VIP.17920.023.22402,First Year Part In VIP,wl.202420.VIP.17920.023.22402,737249-0,14,13,92.85713959,4.538461685,0.660225272,5,8,61.53845978,,Professors in Department,4.048613018,0.929938402
Spring 2025 Core -4 16 Week 4/21-5/4,PWL.202520.VIP.17910.023.29155,First-Year Part In VIP Lim,wl.202520.VIP.17910.023.29155,737249-0,3,2,66.66666412,5,0,5,2,100,,Professors in Department,4.048613018,0.929938402
Spring 2025 Core -4 16 Week 4/21-5/4,PWL.202520.VIP.27920.023.22404,Soph Part In VIP,wl.202520.VIP.27920.023.22404,737249-0,14,8,57.1428566,4.375,0.7440238,3,1,12.5,,Professors in Department,4.048613018,0.929938402
Spring 2025 Core -4 16 Week 4/21-5/4,PWL.202520.VIP.27920.023.22404,Soph Part In VIP,wl.202520.VIP.27920.023.22404,737249-0,14,8,57.1428566,4.375,0.7440238,4,3,37.5,,Professors in Department,4.048613018,0.929938402
Spring 2025 Core -4 16 Week 4/21-5/4,PWL.202520.VIP.27920.023.22404,Soph Part In VIP,wl.202520.VIP.27920.023.22404,737249-0,14,8,57.1428566,4.375,0.7440238,5,4,50,,Professors in Department,4.048613018,0.929938402
Spring 2025 Core -4 16 Week 4/21-5/4,PWL.202520.VIP.47921.023.28751,Senior Design Part In VIP I,wl.202520.VIP.47921.023.28751,737249-0,9,7,77.77777863,4.285714149,0.951189756,3,2,28.5714283,,Professors in Department,4.048613018,0.929938402
Spring 2025 Core -4 16 Week 4/21-5/4,PWL.202520.VIP.47921.023.28751,Senior Design Part In VIP I,wl.202520.VIP.47921.023.28751,737249-0,9,7,77.77777863,4.285714149,0.951189756,4,1,14.28571415,,Professors in Department,4.048613018,0.929938402
Spring 2025 Core -4 16 Week 4/21-5/4,PWL.202520.VIP.47921.023.28751,Senior Design Part In VIP I,wl.202520.VIP.47921.023.28751,737249-0,9,7,77.77777863,4.285714149,0.951189756,5,4,57.1428566,,Professors in Department,4.048613018,0.929938402
Spring 2026 Core -4 16 Week 4/20-5/3,CEC.202620.ECE.50874.EPE.40360,Advanced Software Engineering,wl.202620.ECE.50874.EPE.40360,737249-0,25,8,32,4.125,0.991031229,3,3,37.5,,Professors in Department,4.048613018,0.929938402
Spring 2026 Core -4 16 Week 4/20-5/3,CEC.202620.ECE.50874.EPE.40360,Advanced Software Engineering,wl.202620.ECE.50874.EPE.40360,737249-0,25,8,32,4.125,0.991031229,4,1,12.5,,Professors in Department,4.048613018,0.929938402
Spring 2026 Core -4 16 Week 4/20-5/3,CEC.202620.ECE.50874.EPE.40360,Advanced Software Engineering,wl.202620.ECE.50874.EPE.40360,737249-0,25,8,32,4.125,0.991031229,5,4,50,,Professors in Department,4.048613018,0.929938402
Spring 2026 Core -4 16 Week 4/20-5/3,PWL.202620.ECE.50874.001.36075,Advanced Software Engineering,wl.202620.ECE.50874.001.36075,737249-0,24,10,41.66666794,4.599999905,0.699205875,3,1,10,,Professors in Department,4.048613018,0.929938402
Spring 2026 Core -4 16 Week 4/20-5/3,PWL.202620.ECE.50874.001.36075,Advanced Software Engineering,wl.202620.ECE.50874.001.36075,737249-0,24,10,41.66666794,4.599999905,0.699205875,4,2,20,,Professors in Department,4.048613018,0.929938402
Spring 2026 Core -4 16 Week 4/20-5/3,PWL.202620.ECE.50874.001.36075,Advanced Software Engineering,wl.202620.ECE.50874.001.36075,737249-0,24,10,41.66666794,4.599999905,0.699205875,5,7,70,,Professors in Department,4.048613018,0.929938402
Spring 2026 Core -4 16 Week 4/20-5/3,PWL.202620.ECE.50874.002.36076,Advanced Software Engineering,wl.202620.ECE.50874.002.36076,737249-0,5,2,40,5,0,5,2,100,,Professors in Department,4.048613018,0.929938402
Spring 2026 Core -4 16 Week 4/20-5/3,PWL.202620.VIP.27920.028.22031,Soph Part In VIP,wl.202620.VIP.27920.028.22031,737249-0,21,17,80.95237732,4.647058964,0.492592186,4,6,35.29411697,,Professors in Department,4.048613018,0.929938402
Spring 2026 Core -4 16 Week 4/20-5/3,PWL.202620.VIP.27920.028.22031,Soph Part In VIP,wl.202620.VIP.27920.028.22031,737249-0,21,17,80.95237732,4.647058964,0.492592186,5,11,64.70587921,,Professors in Department,4.048613018,0.929938402
Fall 2023 16 Week 11/27-12/10,wl.202410.ECE.69900.088.50065,Research PhD Thesis,wl.202410.ECE.69900.088.50065,737250-0,4,1,25,5,0,5,1,100,,Professors in Department,4.113613476,0.884566529
Fall 2023 Core -4 16 Week 11/27-12/10,wl.202410.ECE.46100.001.18613,Software Engineering,wl.202410.ECE.46100.001.18613,737250-0,72,26,36.11111069,4.538461685,0.581774473,3,1,3.846153736,,Professors in Department,4.113613476,0.884566529
Fall 2023 Core -4 16 Week 11/27-12/10,wl.202410.ECE.46100.001.18613,Software Engineering,wl.202410.ECE.46100.001.18613,737250-0,72,26,36.11111069,4.538461685,0.581774473,4,10,38.46154022,,Professors in Department,4.113613476,0.884566529
Fall 2023 Core -4 16 Week 11/27-12/10,wl.202410.ECE.46100.001.18613,Software Engineering,wl.202410.ECE.46100.001.18613,737250-0,72,26,36.11111069,4.538461685,0.581774473,5,15,57.69230652,,Professors in Department,4.113613476,0.884566529
Fall 2023 Core -4 16 Week 11/27-12/10,wl.202410.VIP.17920.023.11485,First Year Part In VIP,wl.202410.VIP.17920.023.11485,737250-0,1,1,100,5,0,5,1,100,,Professors in Department,4.113613476,0.884566529
Fall 2023 Core -4 16 Week 11/27-12/10,wl.202410.VIP.27920.023.11487,Soph Part In VIP,wl.202410.VIP.27920.023.11487,737250-0,7,5,71.42857361,4.800000191,0.44721359,4,1,20,,Professors in Department,4.113613476,0.884566529
Fall 2023 Core -4 16 Week 11/27-12/10,wl.202410.VIP.27920.023.11487,Soph Part In VIP,wl.202410.VIP.27920.023.11487,737250-0,7,5,71.42857361,4.800000191,0.44721359,5,4,80,,Professors in Department,4.113613476,0.884566529
Fall 2023 Core -4 16 Week 11/27-12/10,wl.202410.VIP.37920.023.11525,Junior Part In VIP,wl.202410.VIP.37920.023.11525,737250-0,3,3,100,5,0,5,3,100,,Professors in Department,4.113613476,0.884566529
Fall 2023 Core -4 16 Week 11/27-12/10,wl.202410.VIP.47920.023.10351,Senior Part In VIP,wl.202410.VIP.47920.023.10351,737250-0,1,1,100,5,0,5,1,100,,Professors in Department,4.113613476,0.884566529
Fall 2023 Core -4 16 Week 11/27-12/10,wl.202410.VIP.47921.023.11526,Senior Design Part In VIP I,wl.202410.VIP.47921.023.11526,737250-0,3,3,100,5,0,5,3,100,,Professors in Department,4.113613476,0.884566529
Fall 2023 Core -4 16 Week 11/27-12/10,wl.202410.VIP.47922.023.11512,Senior Design Part In VIP II,wl.202410.VIP.47922.023.11512,737250-0,1,1,100,5,0,5,1,100,,Professors in Department,4.113613476,0.884566529
Fall 2024 16 Week 11/25-12/8 (1),PWL.202510.ECE.46100.001.18613,Software Engineering,wl.202510.ECE.46100.001.18613,737250-0,130,55,42.30769348,4.345454693,0.775031209,1,1,1.818181872,,Professors in Department,4.113613476,0.884566529
Fall 2024 16 Week 11/25-12/8 (1),PWL.202510.ECE.46100.001.18613,Software Engineering,wl.202510.ECE.46100.001.18613,737250-0,130,55,42.30769348,4.345454693,0.775031209,3,4,7.272727489,,Professors in Department,4.113613476,0.884566529
Fall 2024 16 Week 11/25-12/8 (1),PWL.202510.ECE.46100.001.18613,Software Engineering,wl.202510.ECE.46100.001.18613,737250-0,130,55,42.30769348,4.345454693,0.775031209,4,24,43.63636398,,Professors in Department,4.113613476,0.884566529
Fall 2024 16 Week 11/25-12/8 (1),PWL.202510.ECE.46100.001.18613,Software Engineering,wl.202510.ECE.46100.001.18613,737250-0,130,55,42.30769348,4.345454693,0.775031209,5,26,47.27272797,,Professors in Department,4.113613476,0.884566529
Fall 2024 Core -4 16 Week 11/25-12/8,PWL.202510.VIP.47920.023.10351,Senior Part In VIP,wl.202510.VIP.47920.023.10351,737250-0,18,17,94.44444275,4.529411793,0.874474645,2,1,5.882352829,,Professors in Department,4.113613476,0.884566529
Fall 2024 Core -4 16 Week 11/25-12/8,PWL.202510.VIP.47920.023.10351,Senior Part In VIP,wl.202510.VIP.47920.023.10351,737250-0,18,17,94.44444275,4.529411793,0.874474645,3,1,5.882352829,,Professors in Department,4.113613476,0.884566529
Fall 2024 Core -4 16 Week 11/25-12/8,PWL.202510.VIP.47920.023.10351,Senior Part In VIP,wl.202510.VIP.47920.023.10351,737250-0,18,17,94.44444275,4.529411793,0.874474645,4,3,17.64705849,,Professors in Department,4.113613476,0.884566529
Fall 2024 Core -4 16 Week 11/25-12/8,PWL.202510.VIP.47920.023.10351,Senior Part In VIP,wl.202510.VIP.47920.023.10351,737250-0,18,17,94.44444275,4.529411793,0.874474645,5,12,70.58823395,,Professors in Department,4.113613476,0.884566529
Fall 2025 Core -4 16 Week 12/1-12/14 (1),PWL.202610.ECE.30861.001.28647,Software Engineering,wl.202610.ECE.30861.001.28647,737250-0,121,43,35.53718948,4.348837376,0.841872096,1,1,2.325581312,,Professors in Department,4.113613476,0.884566529
Fall 2025 Core -4 16 Week 12/1-12/14 (1),PWL.202610.ECE.30861.001.28647,Software Engineering,wl.202610.ECE.30861.001.28647,737250-0,121,43,35.53718948,4.348837376,0.841872096,3,4,9.302325249,,Professors in Department,4.113613476,0.884566529
Fall 2025 Core -4 16 Week 12/1-12/14 (1),PWL.202610.ECE.30861.001.28647,Software Engineering,wl.202610.ECE.30861.001.28647,737250-0,121,43,35.53718948,4.348837376,0.841872096,4,16,37.20930099,,Professors in Department,4.113613476,0.884566529
Fall 2025 Core -4 16 Week 12/1-12/14 (1),PWL.202610.ECE.30861.001.28647,Software Engineering,wl.202610.ECE.30861.001.28647,737250-0,121,43,35.53718948,4.348837376,0.841872096,5,22,51.16279221,,Professors in Department,4.113613476,0.884566529
Fall 2025 Core -4 16 Week 12/1-12/14 (1),PWL.202610.VIP.17911.028.13564,First Year Part In VIP I,wl.202610.VIP.17911.028.13564,737250-0,2,2,100,5,0,5,2,100,,Professors in Department,4.113613476,0.884566529
Fall 2025 Core -4 16 Week 12/1-12/14 (1),PWL.202610.VIP.47920.028.10446,Senior Part In VIP,wl.202610.VIP.47920.028.10446,737250-0,14,13,92.85713959,4.923077106,0.277350098,4,1,7.692307472,,Professors in Department,4.113613476,0.884566529
Fall 2025 Core -4 16 Week 12/1-12/14 (1),PWL.202610.VIP.47920.028.10446,Senior Part In VIP,wl.202610.VIP.47920.028.10446,737250-0,14,13,92.85713959,4.923077106,0.277350098,5,12,92.30769348,,Professors in Department,4.113613476,0.884566529
Spring 2023 Core 10 16 Week 4/17-4/30 Co-admin,wl.202320.ECE.46100.001.19730,Software Engineering,wl.202320.ECE.46100.001.19730,737250-0,143,70,48.9510498,4.142857075,1.093932033,1,2,2.857142925,,Professors in Department,4.113613476,0.884566529
Spring 2023 Core 10 16 Week 4/17-4/30 Co-admin,wl.202320.ECE.46100.001.19730,Software Engineering,wl.202320.ECE.46100.001.19730,737250-0,143,70,48.9510498,4.142857075,1.093932033,2,6,8.571428299,,Professors in Department,4.113613476,0.884566529
Spring 2023 Core 10 16 Week 4/17-4/30 Co-admin,wl.202320.ECE.46100.001.19730,Software Engineering,wl.202320.ECE.46100.001.19730,737250-0,143,70,48.9510498,4.142857075,1.093932033,3,7,10,,Professors in Department,4.113613476,0.884566529
Spring 2023 Core 10 16 Week 4/17-4/30 Co-admin,wl.202320.ECE.46100.001.19730,Software Engineering,wl.202320.ECE.46100.001.19730,737250-0,143,70,48.9510498,4.142857075,1.093932033,4,20,28.5714283,,Professors in Department,4.113613476,0.884566529
Spring 2023 Core 10 16 Week 4/17-4/30 Co-admin,wl.202320.ECE.46100.001.19730,Software Engineering,wl.202320.ECE.46100.001.19730,737250-0,143,70,48.9510498,4.142857075,1.093932033,5,35,50,,Professors in Department,4.113613476,0.884566529
Spring 2023 Core -4 16 Week 4/17-4/30,wl.202320.VIP.17920.023.22402,First Year Part In VIP,wl.202320.VIP.17920.023.22402,737250-0,15,12,80,4.25,0.753778338,3,2,16.66666603,,Professors in Department,4.113613476,0.884566529
Spring 2023 Core -4 16 Week 4/17-4/30,wl.202320.VIP.17920.023.22402,First Year Part In VIP,wl.202320.VIP.17920.023.22402,737250-0,15,12,80,4.25,0.753778338,4,5,41.66666794,,Professors in Department,4.113613476,0.884566529
Spring 2023 Core -4 16 Week 4/17-4/30,wl.202320.VIP.17920.023.22402,First Year Part In VIP,wl.202320.VIP.17920.023.22402,737250-0,15,12,80,4.25,0.753778338,5,5,41.66666794,,Professors in Department,4.113613476,0.884566529
Spring 2024 16 Week 4/15-4/28 (1),wl.202420.ECE.69900.032.61441,Research PhD Thesis,wl.202420.ECE.69900.032.61441,737250-0,4,1,25,5,0,5,1,100,,Professors in Department,4.113613476,0.884566529
Spring 2024 Core -4 16 Week 4/15-4/28,wl.202420.ECE.59500.043.22205,Advanced Software Engineering,wl.202420.ECE.59500.043.22205,737250-0,27,15,55.55555725,4.933333397,0.258198887,4,1,6.666666508,,Professors in Department,4.113613476,0.884566529
Spring 2024 Core -4 16 Week 4/15-4/28,wl.202420.ECE.59500.043.22205,Advanced Software Engineering,wl.202420.ECE.59500.043.22205,737250-0,27,15,55.55555725,4.933333397,0.258198887,5,14,93.33333588,,Professors in Department,4.113613476,0.884566529
Spring 2024 Core -4 16 Week 4/15-4/28,wl.202420.VIP.17920.023.22402,First Year Part In VIP,wl.202420.VIP.17920.023.22402,737250-0,14,13,92.85713959,4.538461685,0.660225272,3,1,7.692307472,,Professors in Department,4.113613476,0.884566529
Spring 2024 Core -4 16 Week 4/15-4/28,wl.202420.VIP.17920.023.22402,First Year Part In VIP,wl.202420.VIP.17920.023.22402,737250-0,14,13,92.85713959,4.538461685,0.660225272,4,4,30.76922989,,Professors in Department,4.113613476,0.884566529
Spring 2024 Core -4 16 Week 4/15-4/28,wl.202420.VIP.17920.023.22402,First Year Part In VIP,wl.202420.VIP.17920.023.22402,737250-0,14,13,92.85713959,4.538461685,0.660225272,5,8,61.53845978,,Professors in Department,4.113613476,0.884566529
Spring 2025 Core -4 16 Week 4/21-5/4,PWL.202520.VIP.17910.023.29155,First-Year Part In VIP Lim,wl.202520.VIP.17910.023.29155,737250-0,3,2,66.66666412,5,0,5,2,100,,Professors in Department,4.113613476,0.884566529
Spring 2025 Core -4 16 Week 4/21-5/4,PWL.202520.VIP.27920.023.22404,Soph Part In VIP,wl.202520.VIP.27920.023.22404,737250-0,14,8,57.1428566,4.5,0.534522474,4,4,50,,Professors in Department,4.113613476,0.884566529
Spring 2025 Core -4 16 Week 4/21-5/4,PWL.202520.VIP.27920.023.22404,Soph Part In VIP,wl.202520.VIP.27920.023.22404,737250-0,14,8,57.1428566,4.5,0.534522474,5,4,50,,Professors in Department,4.113613476,0.884566529
Spring 2025 Core -4 16 Week 4/21-5/4,PWL.202520.VIP.47921.023.28751,Senior Design Part In VIP I,wl.202520.VIP.47921.023.28751,737250-0,9,7,77.77777863,4.571428776,0.786795795,3,1,14.28571415,,Professors in Department,4.113613476,0.884566529
Spring 2025 Core -4 16 Week 4/21-5/4,PWL.202520.VIP.47921.023.28751,Senior Design Part In VIP I,wl.202520.VIP.47921.023.28751,737250-0,9,7,77.77777863,4.571428776,0.786795795,4,1,14.28571415,,Professors in Department,4.113613476,0.884566529
Spring 2025 Core -4 16 Week 4/21-5/4,PWL.202520.VIP.47921.023.28751,Senior Design Part In VIP I,wl.202520.VIP.47921.023.28751,737250-0,9,7,77.77777863,4.571428776,0.786795795,5,5,71.42857361,,Professors in Department,4.113613476,0.884566529
Spring 2026 Core -4 16 Week 4/20-5/3,CEC.202620.ECE.50874.EPE.40360,Advanced Software Engineering,wl.202620.ECE.50874.EPE.40360,737250-0,25,8,32,4,1.414213538,1,1,12.5,,Professors in Department,4.113613476,0.884566529
Spring 2026 Core -4 16 Week 4/20-5/3,CEC.202620.ECE.50874.EPE.40360,Advanced Software Engineering,wl.202620.ECE.50874.EPE.40360,737250-0,25,8,32,4,1.414213538,3,1,12.5,,Professors in Department,4.113613476,0.884566529
Spring 2026 Core -4 16 Week 4/20-5/3,CEC.202620.ECE.50874.EPE.40360,Advanced Software Engineering,wl.202620.ECE.50874.EPE.40360,737250-0,25,8,32,4,1.414213538,4,2,25,,Professors in Department,4.113613476,0.884566529
Spring 2026 Core -4 16 Week 4/20-5/3,CEC.202620.ECE.50874.EPE.40360,Advanced Software Engineering,wl.202620.ECE.50874.EPE.40360,737250-0,25,8,32,4,1.414213538,5,4,50,,Professors in Department,4.113613476,0.884566529
Spring 2026 Core -4 16 Week 4/20-5/3,PWL.202620.ECE.50874.001.36075,Advanced Software Engineering,wl.202620.ECE.50874.001.36075,737250-0,24,10,41.66666794,4.900000095,0.316227764,4,1,10,,Professors in Department,4.113613476,0.884566529
Spring 2026 Core -4 16 Week 4/20-5/3,PWL.202620.ECE.50874.001.36075,Advanced Software Engineering,wl.202620.ECE.50874.001.36075,737250-0,24,10,41.66666794,4.900000095,0.316227764,5,9,90,,Professors in Department,4.113613476,0.884566529
Spring 2026 Core -4 16 Week 4/20-5/3,PWL.202620.ECE.50874.002.36076,Advanced Software Engineering,wl.202620.ECE.50874.002.36076,737250-0,5,2,40,5,0,5,2,100,,Professors in Department,4.113613476,0.884566529
Spring 2026 Core -4 16 Week 4/20-5/3,PWL.202620.VIP.27920.028.22031,Soph Part In VIP,wl.202620.VIP.27920.028.22031,737250-0,21,17,80.95237732,4.705882549,0.46966821,4,5,29.41176414,,Professors in Department,4.113613476,0.884566529
Spring 2026 Core -4 16 Week 4/20-5/3,PWL.202620.VIP.27920.028.22031,Soph Part In VIP,wl.202620.VIP.27920.028.22031,737250-0,21,17,80.95237732,4.705882549,0.46966821,5,12,70.58823395,,Professors in Department,4.113613476,0.884566529